sample_alias	experiment_name	subject_id	timepoint
PNPV__6483	ERR1110279	PNP_6483	0
PNPV__6477	ERR1110331	PNP_6477	0
PNPV__6484	ERR1110332	PNP_6484	0
PNPV__6479	ERR1110297	PNP_6479	0
PNPV__6476	ERR1110298	PNP_6476	0
PNPV__6496	ERR1110299	PNP_6496	0
PNPV__6487	ERR1110333	PNP_6487	0
PNPV__6486	ERR1110300	PNP_6486	0
PNPV__6485	ERR1110301	PNP_6485	0
PNPV__6488	ERR1110302	PNP_6488	0
PNPV__6515	ERR1110303	PNP_6515	0
PNPV__6500	ERR1110334	PNP_6500	0
PNPV__6499	ERR1110304	PNP_6499	0
PNPV__6514	ERR1110305	PNP_6514	0
PNPV__6501	ERR1110306	PNP_6501	0
PNPV__6517	ERR1110307	PNP_6517	0
PNPV__6517	ERR1110466	PNP_6517	0
PNPV__6513	ERR1110335	PNP_6513	0
PNPV__6506	ERR1110336	PNP_6506	0
PNPV__6512	ERR1110308	PNP_6512	0
PNPV__6510	ERR1110309	PNP_6510	0
PNPV__6507	ERR1110337	PNP_6507	0
PNPV__6522	ERR1110338	PNP_6522	0
PNPV__6521	ERR1110310	PNP_6521	0
PNPV__6525	ERR1110311	PNP_6525	0
PNPV__6526	ERR1110312	PNP_6526	0
PNPV__6523	ERR1110313	PNP_6523	0
PNPV__6527	ERR1110339	PNP_6527	0
PNPV__6540	ERR1110314	PNP_6540	0
PNPV__6528	ERR1110315	PNP_6528	0
PNPV__6491	ERR1110316	PNP_6491	0
PNPV__6490	ERR1110317	PNP_6490	0
PNPV__6492	ERR1110318	PNP_6492	0
PNPV__6482	ERR1110319	PNP_6482	0
PNPV__6504	ERR1110340	PNP_6504	0
PNPV__6502	ERR1110341	PNP_6502	0
PNPV__6505	ERR1110320	PNP_6505	0
PNPV__6503	ERR1110321	PNP_6503	0
PNPV__6536	ERR1110322	PNP_6536	0
PNPV__6518	ERR1110323	PNP_6518	0
PNPV__6534	ERR1110294	PNP_6534	0
PNPV__6534	ERR1110324	PNP_6534	0
PNPV__6519	ERR1110295	PNP_6519	0
PNPV__6519	ERR1110325	PNP_6519	0
PNPV__6539	ERR1110326	PNP_6539	0
PNPV__6556	ERR1110327	PNP_6556	0
PNPV__6555	ERR1110296	PNP_6555	0
PNPV__6555	ERR1110328	PNP_6555	0
PNPV__6554	ERR1110329	PNP_6554	0
PNPV__6554	ERR1110467	PNP_6554	0
PNPV__6553	ERR1110330	PNP_6553	0
PNPV__6551	ERR1110342	PNP_6551	0
PNPV__6545	ERR1110352	PNP_6545	0
PNPV__6543	ERR1110433	PNP_6543	0
PNPV__6550	ERR1110434	PNP_6550	0
PNPV__6549	ERR1110435	PNP_6549	0
PNPV__6549	ERR1110468	PNP_6549	0
PNPV__6532	ERR1110353	PNP_6532	0
PNPV__6531	ERR1110343	PNP_6531	0
PNPV__6575	ERR1110344	PNP_6575	0
PNPV__6558	ERR1110436	PNP_6558	0
PNPV__6564	ERR1110354	PNP_6564	0
PNPV__6564	ERR1110437	PNP_6564	0
PNPV__6574	ERR1110355	PNP_6574	0
PNPV__6562	ERR1110345	PNP_6562	0
PNPV__6561	ERR1110346	PNP_6561	0
PNPV__6579	ERR1110347	PNP_6579	0
PNPV__6580	ERR1110356	PNP_6580	0
PNPV__6580	ERR1110438	PNP_6580	0
PNPV__6585	ERR1110439	PNP_6585	0
PNPV__6587	ERR1110357	PNP_6587	0
PNPV__6587	ERR1110440	PNP_6587	0
PNPV__6584	ERR1110348	PNP_6584	0
PNPV__6593	ERR1110349	PNP_6593	0
PNPV__6607	ERR1110350	PNP_6607	0
PNPV__6605	ERR1110358	PNP_6605	0
PNPV__6626	ERR1110351	PNP_6626	0
PNPV__6604	ERR1110359	PNP_6604	0
PNPV__6644	ERR1110441	PNP_6644	0
PNPV__6621	ERR1110360	PNP_6621	0
PNPV__6628	ERR1110361	PNP_6628	0
PNPV__6603	ERR1110362	PNP_6603	0
PNPV__6599	ERR1110442	PNP_6599	0
PNPV__6598	ERR1110443	PNP_6598	0
PNPV__6600	ERR1110444	PNP_6600	0
PNPV__6618	ERR1110445	PNP_6618	0
PNPV__6614	ERR1110446	PNP_6614	0
PNPV__6613	ERR1110447	PNP_6613	0
PNPV__6610	ERR1110448	PNP_6610	0
PNPV__6609	ERR1110449	PNP_6609	0
PNPV__6635	ERR1110450	PNP_6635	0
PNPV__6632	ERR1110363	PNP_6632	0
PNPV__6636	ERR1110364	PNP_6636	0
PNPV__6638	ERR1110365	PNP_6638	0
PNPV__6638	ERR1110451	PNP_6638	0
PNPV__6637	ERR1110366	PNP_6637	0
PNPV__6641	ERR1110452	PNP_6641	0
PNPV__6639	ERR1110453	PNP_6639	0
PNPV__6646	ERR1110454	PNP_6646	0
PNPV__6643	ERR1110455	PNP_6643	0
PNPV__6643	ERR1110469	PNP_6643	0
PNPV__6649	ERR1110456	PNP_6649	0
PNPV__6649	ERR1110470	PNP_6649	0
PNPV__6634	ERR1110457	PNP_6634	0
PNPV__6634	ERR1110471	PNP_6634	0
PNPV__6623	ERR1110458	PNP_6623	0
PNPV__6663	ERR1110459	PNP_6663	0
PNPV__6660	ERR1110460	PNP_6660	0
PNPV__6660	ERR1110472	PNP_6660	0
PNPV__6661	ERR1110461	PNP_6661	0
PNPV__6661	ERR1110473	PNP_6661	0
PNPV__6659	ERR1110462	PNP_6659	0
PNPV__6675	ERR1110463	PNP_6675	0
PNPV__6678	ERR1110464	PNP_6678	0
PNPV__6705	ERR1110465	PNP_6705	0
PNPV__6705	ERR1110474	PNP_6705	0
PNPM__5466	ERR1136693	PNP_5466	0
PNPM__5467	ERR1136694	PNP_5467	0
PNPM__5470	ERR1136695	PNP_5470	0
PNPM__5481	ERR1136696	PNP_5481	0
PNPM__5482	ERR1136697	PNP_5482	0
PNPM__5484	ERR1136698	PNP_5484	0
PNPM__5469	ERR1136699	PNP_5469	0
PNPM__5490	ERR1136700	PNP_5490	0
PNPM__5490	ERR1137229	PNP_5490	0
PNPM__5493	ERR1136701	PNP_5493	0
PNPM__5491	ERR1136702	PNP_5491	0
PNPM__5491	ERR1137230	PNP_5491	0
PNPM__5489	ERR1136703	PNP_5489	0
PNPM__5492	ERR1136704	PNP_5492	0
PNPM__5488	ERR1136705	PNP_5488	0
PNPM__5494	ERR1136706	PNP_5494	0
PNPM__5500	ERR1136707	PNP_5500	0
PNPM__5502	ERR1136708	PNP_5502	0
PNPM__5504	ERR1136709	PNP_5504	0
PNPM__5501	ERR1136710	PNP_5501	0
PNPM__5505	ERR1136711	PNP_5505	0
PNPM__5505	ERR1137231	PNP_5505	0
PNPM__5499	ERR1136712	PNP_5499	0
PNPM__5526	ERR1136713	PNP_5526	0
PNPM__5530	ERR1136714	PNP_5530	0
PNPM__5528	ERR1136715	PNP_5528	0
PNPM__5525	ERR1136716	PNP_5525	0
PNPM__5543	ERR1136717	PNP_5543	0
PNPM__5546	ERR1136718	PNP_5546	0
PNPM__5542	ERR1136719	PNP_5542	0
PNPM__5544	ERR1136720	PNP_5544	0
PNPM__5556	ERR1136721	PNP_5556	0
PNPM__5555	ERR1136722	PNP_5555	0
PNPM__5552	ERR1136723	PNP_5552	0
PNPM__5547	ERR1136724	PNP_5547	0
PNPM__5553	ERR1136725	PNP_5553	0
PNPM__5566	ERR1136726	PNP_5566	0
PNPM__5568	ERR1136727	PNP_5568	0
PNPM__5568	ERR1137232	PNP_5568	0
PNPM__5568	ERR1137602	PNP_5568	0
PNPM__5567	ERR1136728	PNP_5567	0
PNPM__5567	ERR1137233	PNP_5567	0
PNPM__5564	ERR1136729	PNP_5564	0
PNPM__5570	ERR1136730	PNP_5570	0
PNPM__5565	ERR1136731	PNP_5565	0
PNPM__5579	ERR1136732	PNP_5579	0
PNPM__5573	ERR1136733	PNP_5573	0
PNPM__5572	ERR1136734	PNP_5572	0
PNPM__5576	ERR1136735	PNP_5576	0
PNPM__5578	ERR1136736	PNP_5578	0
PNPM__5578	ERR1137699	PNP_5578	0
PNPM__5595	ERR1136737	PNP_5595	0
PNPM__5594	ERR1136738	PNP_5594	0
PNPM__5603	ERR1136739	PNP_5603	0
PNPM__5597	ERR1136740	PNP_5597	0
PNPM__5599	ERR1136741	PNP_5599	0
PNPM__5614	ERR1136742	PNP_5614	0
PNPM__5612	ERR1136743	PNP_5612	0
PNPM__5611	ERR1136744	PNP_5611	0
PNPM__5618	ERR1136745	PNP_5618	0
PNPM__5616	ERR1136746	PNP_5616	0
PNPM__5613	ERR1136747	PNP_5613	0
PNPM__5617	ERR1136748	PNP_5617	0
PNPM__5621	ERR1136749	PNP_5621	0
PNPM__5620	ERR1136750	PNP_5620	0
PNPM__5625	ERR1136751	PNP_5625	0
PNPM__5625	ERR1137637	PNP_5625	0
PNPM__5624	ERR1136752	PNP_5624	0
PNPM__5623	ERR1136753	PNP_5623	0
PNPM__5623	ERR1137393	PNP_5623	0
PNPM__5623	ERR1137700	PNP_5623	0
PNPM__5631	ERR1136754	PNP_5631	0
PNPM__5634	ERR1136755	PNP_5634	0
PNPM__5635	ERR1136756	PNP_5635	0
PNPM__5637	ERR1136757	PNP_5637	0
PNPM__5632	ERR1136758	PNP_5632	0
PNPM__5657	ERR1136759	PNP_5657	0
PNPM__5633	ERR1136760	PNP_5633	0
PNPM__5653	ERR1136761	PNP_5653	0
PNPM__5651	ERR1136762	PNP_5651	0
PNPM__5649	ERR1136763	PNP_5649	0
PNPM__5649	ERR1137234	PNP_5649	0
PNPM__5649	ERR1137701	PNP_5649	0
PNPM__5650	ERR1136764	PNP_5650	0
PNPM__5652	ERR1136765	PNP_5652	0
PNPM__5654	ERR1136766	PNP_5654	0
PNPM__5662	ERR1136767	PNP_5662	0
PNPM__5665	ERR1136768	PNP_5665	0
PNPM__5669	ERR1136769	PNP_5669	0
PNPM__5663	ERR1136770	PNP_5663	0
PNPM__5675	ERR1136771	PNP_5675	0
PNPM__5672	ERR1136772	PNP_5672	0
PNPM__5671	ERR1136773	PNP_5671	0
PNPM__5674	ERR1136774	PNP_5674	0
PNPM__5673	ERR1136775	PNP_5673	0
PNPM__5676	ERR1136776	PNP_5676	0
PNPM__5676	ERR1137235	PNP_5676	0
PNPM__5677	ERR1136777	PNP_5677	0
PNPM__5664	ERR1136778	PNP_5664	0
PNPM__5679	ERR1136779	PNP_5679	0
PNPM__5678	ERR1136780	PNP_5678	0
PNPM__5688	ERR1136781	PNP_5688	0
PNPM__5693	ERR1136782	PNP_5693	0
PNPM__5692	ERR1136783	PNP_5692	0
PNPM__5691	ERR1136784	PNP_5691	0
PNPM__5689	ERR1136785	PNP_5689	0
PNPM__5729	ERR1136786	PNP_5729	0
PNPM__5728	ERR1136787	PNP_5728	0
PNPM__5690	ERR1136788	PNP_5690	0
PNPM__5733	ERR1136789	PNP_5733	0
PNPM__5742	ERR1136790	PNP_5742	0
PNPM__5732	ERR1136791	PNP_5732	0
PNPM__5731	ERR1136792	PNP_5731	0
PNPM__5737	ERR1136793	PNP_5737	0
PNPM__5744	ERR1136794	PNP_5744	0
PNPM__5735	ERR1136795	PNP_5735	0
PNPM__5736	ERR1136796	PNP_5736	0
PNPM__5749	ERR1136797	PNP_5749	0
PNPM__5752	ERR1136798	PNP_5752	0
PNPM__5754	ERR1136799	PNP_5754	0
PNPM__5750	ERR1136800	PNP_5750	0
PNPM__5755	ERR1136801	PNP_5755	0
PNPM__5751	ERR1136802	PNP_5751	0
PNPM__5776	ERR1136803	PNP_5776	0
PNPM__5766	ERR1137702	PNP_5766	0
PNPM__5571	ERR1136804	PNP_5571	0
PNPM__5772	ERR1136805	PNP_5772	0
PNPM__5779	ERR1136806	PNP_5779	0
PNPM__5779	ERR1136919	PNP_5779	0
PNPM__5802	ERR1136807	PNP_5802	0
PNPM__5780	ERR1136808	PNP_5780	0
PNPM__5780	ERR1136920	PNP_5780	0
PNPM__5780	ERR1137703	PNP_5780	0
PNPM__5778	ERR1136809	PNP_5778	0
PNPM__5782	ERR1136810	PNP_5782	0
PNPM__5783	ERR1136811	PNP_5783	0
PNPM__5804	ERR1136812	PNP_5804	0
PNPM__5809	ERR1136813	PNP_5809	0
PNPM__5807	ERR1136814	PNP_5807	0
PNPM__5807	ERR1137394	PNP_5807	0
PNPM__5803	ERR1136815	PNP_5803	0
PNPM__5808	ERR1136816	PNP_5808	0
PNPM__5806	ERR1136817	PNP_5806	0
PNPM__5806	ERR1136921	PNP_5806	0
PNPM__5793	ERR1136818	PNP_5793	0
PNPM__5821	ERR1136819	PNP_5821	0
PNPM__5805	ERR1136820	PNP_5805	0
PNPM__5825	ERR1136821	PNP_5825	0
PNPM__5825	ERR1137326	PNP_5825	0
PNPM__5839	ERR1136822	PNP_5839	0
PNPM__5838	ERR1136823	PNP_5838	0
PNPM__5836	ERR1136824	PNP_5836	0
PNPM__5822	ERR1136825	PNP_5822	0
PNPM__5856	ERR1136826	PNP_5856	0
PNPM__5852	ERR1136827	PNP_5852	0
PNPM__5852	ERR1137395	PNP_5852	0
PNPM__5850	ERR1136828	PNP_5850	0
PNPM__5850	ERR1137367	PNP_5850	0
PNPM__5850	ERR1137666	PNP_5850	0
PNPM__5850	ERR1137704	PNP_5850	0
PNPM__5835	ERR1136829	PNP_5835	0
PNPM__5855	ERR1136830	PNP_5855	0
PNPM__5853	ERR1136831	PNP_5853	0
PNPM__5861	ERR1136832	PNP_5861	0
PNPM__5857	ERR1136833	PNP_5857	0
PNPM__5859	ERR1136834	PNP_5859	0
PNPM__5859	ERR1137396	PNP_5859	0
PNPM__5859	ERR1137570	PNP_5859	0
PNPM__5859	ERR1137705	PNP_5859	0
PNPM__5854	ERR1136835	PNP_5854	0
PNPM__5858	ERR1136836	PNP_5858	0
PNPM__5858	ERR1137368	PNP_5858	0
PNPM__5858	ERR1137571	PNP_5858	0
PNPM__5858	ERR1137706	PNP_5858	0
PNPM__5851	ERR1136837	PNP_5851	0
PNPM__5875	ERR1136838	PNP_5875	0
PNPM__5872	ERR1136839	PNP_5872	0
PNPM__5870	ERR1136840	PNP_5870	0
PNPM__5869	ERR1136841	PNP_5869	0
PNPM__5871	ERR1136842	PNP_5871	0
PNPM__5874	ERR1136843	PNP_5874	0
PNPM__5874	ERR1137327	PNP_5874	0
PNPM__5868	ERR1136844	PNP_5868	0
PNPM__5860	ERR1136845	PNP_5860	0
PNPM__5445	ERR1136846	PNP_5445	0
PNPM__5446	ERR1136847	PNP_5446	0
PNPM__5450	ERR1136848	PNP_5450	0
PNPM__5451	ERR1136849	PNP_5451	0
PNPM__5453	ERR1136850	PNP_5453	0
PNPM__5457	ERR1136851	PNP_5457	0
PNPM__5454	ERR1136852	PNP_5454	0
PNPM__5459	ERR1136853	PNP_5459	0
PNPM__5456	ERR1136854	PNP_5456	0
PNPM__5455	ERR1136855	PNP_5455	0
PNPM__5455	ERR1137328	PNP_5455	0
PNPM__5455	ERR1137639	PNP_5455	0
PNPM__5455	ERR1137667	PNP_5455	0
PNPM__5460	ERR1136856	PNP_5460	0
PNPM__5465	ERR1136857	PNP_5465	0
PNPM__5464	ERR1136858	PNP_5464	0
PNPM__5463	ERR1136859	PNP_5463	0
PNPM__5461	ERR1136860	PNP_5461	0
PNPM__5472	ERR1136861	PNP_5472	0
PNPM__5485	ERR1136862	PNP_5485	0
PNPM__5471	ERR1136863	PNP_5471	0
PNPM__5486	ERR1136864	PNP_5486	0
PNPM__5533	ERR1136865	PNP_5533	0
PNPM__5533	ERR1137572	PNP_5533	0
PNPM__5533	ERR1137707	PNP_5533	0
PNPM__5498	ERR1136866	PNP_5498	0
PNPM__5496	ERR1136867	PNP_5496	0
PNPM__5497	ERR1136868	PNP_5497	0
PNPM__5534	ERR1136869	PNP_5534	0
PNPM__5532	ERR1136870	PNP_5532	0
PNPM__5532	ERR1137573	PNP_5532	0
PNPM__5495	ERR1136871	PNP_5495	0
PNPM__5536	ERR1136872	PNP_5536	0
PNPM__5540	ERR1136873	PNP_5540	0
PNPM__5540	ERR1137574	PNP_5540	0
PNPM__5539	ERR1136874	PNP_5539	0
PNPM__5541	ERR1136875	PNP_5541	0
PNPM__5537	ERR1136876	PNP_5537	0
PNPM__5538	ERR1136877	PNP_5538	0
PNPM__5561	ERR1136878	PNP_5561	0
PNPM__5548	ERR1136879	PNP_5548	0
PNPM__5551	ERR1136880	PNP_5551	0
PNPM__5593	ERR1136881	PNP_5593	0
PNPM__5593	ERR1137575	PNP_5593	0
PNPM__5560	ERR1136882	PNP_5560	0
PNPM__5562	ERR1136883	PNP_5562	0
PNPM__5562	ERR1136922	PNP_5562	0
PNPM__5559	ERR1136884	PNP_5559	0
PNPM__5559	ERR1136923	PNP_5559	0
PNPM__5557	ERR1136885	PNP_5557	0
PNPM__5549	ERR1136886	PNP_5549	0
PNPM__5584	ERR1136887	PNP_5584	0
PNPM__5585	ERR1136888	PNP_5585	0
PNPM__5586	ERR1136889	PNP_5586	0
PNPM__5583	ERR1136890	PNP_5583	0
PNPM__5582	ERR1136891	PNP_5582	0
PNPM__5591	ERR1136892	PNP_5591	0
PNPM__5587	ERR1136893	PNP_5587	0
PNPM__5592	ERR1136894	PNP_5592	0
PNPM__5592	ERR1137576	PNP_5592	0
PNPM__5600	ERR1136895	PNP_5600	0
PNPM__5581	ERR1136896	PNP_5581	0
PNPM__5581	ERR1137577	PNP_5581	0
PNPM__5588	ERR1136897	PNP_5588	0
PNPM__5589	ERR1136898	PNP_5589	0
PNPM__5619	ERR1136899	PNP_5619	0
PNPM__5610	ERR1136900	PNP_5610	0
PNPM__5609	ERR1136901	PNP_5609	0
PNPM__5608	ERR1136902	PNP_5608	0
PNPM__5606	ERR1136903	PNP_5606	0
PNPM__5605	ERR1136904	PNP_5605	0
PNPM__5550	ERR1136905	PNP_5550	0
PNPM__5558	ERR1136906	PNP_5558	0
PNPM__5627	ERR1136907	PNP_5627	0
PNPM__5636	ERR1136908	PNP_5636	0
PNPM__5630	ERR1136909	PNP_5630	0
PNPM__5628	ERR1136910	PNP_5628	0
PNPM__5628	ERR1137603	PNP_5628	0
PNPM__5629	ERR1136911	PNP_5629	0
PNPM__5626	ERR1136912	PNP_5626	0
PNPM__5645	ERR1136913	PNP_5645	0
PNPM__5641	ERR1136914	PNP_5641	0
PNPM__5667	ERR1136915	PNP_5667	0
PNPM__5647	ERR1136916	PNP_5647	0
PNPM__5644	ERR1136917	PNP_5644	0
PNPM__5644	ERR1137578	PNP_5644	0
PNPM__5638	ERR1136918	PNP_5638	0
PNPM__5638	ERR1137579	PNP_5638	0
PNPM__5643	ERR1137180	PNP_5643	0
PNPM__5640	ERR1137181	PNP_5640	0
PNPM__5642	ERR1137182	PNP_5642	0
PNPM__5642	ERR1137397	PNP_5642	0
PNPM__5639	ERR1137183	PNP_5639	0
PNPM__5666	ERR1137184	PNP_5666	0
PNPM__5666	ERR1137398	PNP_5666	0
PNPM__5668	ERR1137185	PNP_5668	0
PNPM__5658	ERR1137186	PNP_5658	0
PNPM__5658	ERR1137399	PNP_5658	0
PNPM__5661	ERR1137187	PNP_5661	0
PNPM__5661	ERR1137400	PNP_5661	0
PNPM__5660	ERR1136924	PNP_5660	0
PNPM__5660	ERR1137188	PNP_5660	0
PNPM__5660	ERR1137236	PNP_5660	0
PNPM__5660	ERR1137708	PNP_5660	0
PNPM__5659	ERR1136925	PNP_5659	0
PNPM__5659	ERR1137401	PNP_5659	0
PNPM__5656	ERR1136926	PNP_5656	0
PNPM__5656	ERR1137402	PNP_5656	0
PNPM__5725	ERR1136927	PNP_5725	0
PNPM__5725	ERR1137403	PNP_5725	0
PNPM__5648	ERR1136928	PNP_5648	0
PNPM__5648	ERR1137404	PNP_5648	0
PNPM__5722	ERR1136929	PNP_5722	0
PNPM__5722	ERR1137405	PNP_5722	0
PNPM__5727	ERR1136930	PNP_5727	0
PNPM__5727	ERR1137406	PNP_5727	0
PNPM__5734	ERR1136931	PNP_5734	0
PNPM__5734	ERR1137407	PNP_5734	0
PNPM__5723	ERR1137189	PNP_5723	0
PNPM__5723	ERR1137408	PNP_5723	0
PNPM__5724	ERR1137190	PNP_5724	0
PNPM__5681	ERR1137191	PNP_5681	0
PNPM__5681	ERR1137409	PNP_5681	0
PNPM__5680	ERR1137192	PNP_5680	0
PNPM__5680	ERR1137604	PNP_5680	0
PNPM__5726	ERR1137193	PNP_5726	0
PNPM__5726	ERR1137410	PNP_5726	0
PNPM__5730	ERR1137194	PNP_5730	0
PNPM__5730	ERR1137411	PNP_5730	0
PNPM__5873	ERR1137195	PNP_5873	0
PNPM__5885	ERR1137196	PNP_5885	0
PNPM__5885	ERR1137412	PNP_5885	0
PNPM__5891	ERR1137197	PNP_5891	0
PNPM__5891	ERR1137413	PNP_5891	0
PNPM__5892	ERR1137198	PNP_5892	0
PNPM__5892	ERR1137414	PNP_5892	0
PNPM__5900	ERR1137199	PNP_5900	0
PNPM__5900	ERR1137415	PNP_5900	0
PNPM__5899	ERR1137200	PNP_5899	0
PNPM__5899	ERR1137416	PNP_5899	0
PNPM__5898	ERR1137201	PNP_5898	0
PNPM__5902	ERR1137202	PNP_5902	0
PNPM__5916	ERR1137203	PNP_5916	0
PNPM__5901	ERR1137204	PNP_5901	0
PNPM__5897	ERR1137205	PNP_5897	0
PNPM__5896	ERR1137206	PNP_5896	0
PNPM__5896	ERR1137417	PNP_5896	0
PNPM__5923	ERR1137207	PNP_5923	0
PNPM__5923	ERR1137418	PNP_5923	0
PNPM__5918	ERR1137208	PNP_5918	0
PNPM__5918	ERR1137419	PNP_5918	0
PNPM__5912	ERR1137209	PNP_5912	0
PNPM__5912	ERR1137420	PNP_5912	0
PNPM__5911	ERR1137210	PNP_5911	0
PNPM__5911	ERR1137421	PNP_5911	0
PNPM__5913	ERR1137211	PNP_5913	0
PNPM__5914	ERR1137212	PNP_5914	0
PNPM__5914	ERR1137605	PNP_5914	0
PNPM__5942	ERR1137213	PNP_5942	0
PNPM__5943	ERR1137214	PNP_5943	0
PNPM__5943	ERR1137422	PNP_5943	0
PNPM__5939	ERR1137215	PNP_5939	0
PNPM__5939	ERR1137423	PNP_5939	0
PNPM__5937	ERR1137216	PNP_5937	0
PNPM__5937	ERR1137275	PNP_5937	0
PNPM__5936	ERR1137217	PNP_5936	0
PNPM__5938	ERR1137218	PNP_5938	0
PNPM__5938	ERR1137276	PNP_5938	0
PNPM__5940	ERR1137219	PNP_5940	0
PNPM__5940	ERR1137277	PNP_5940	0
PNPM__5928	ERR1137220	PNP_5928	0
PNPM__5928	ERR1137278	PNP_5928	0
PNPM__5950	ERR1137221	PNP_5950	0
PNPM__5950	ERR1137279	PNP_5950	0
PNPM__5951	ERR1137222	PNP_5951	0
PNPM__5951	ERR1137280	PNP_5951	0
PNPM__5953	ERR1137223	PNP_5953	0
PNPM__5953	ERR1137281	PNP_5953	0
PNPM__5954	ERR1137224	PNP_5954	0
PNPM__5954	ERR1137237	PNP_5954	0
PNPM__5935	ERR1137225	PNP_5935	0
PNPM__5952	ERR1137226	PNP_5952	0
PNPM__5952	ERR1137424	PNP_5952	0
PNPM__5743	ERR1136932	PNP_5743	0
PNPM__5743	ERR1137075	PNP_5743	0
PNPM__5710	ERR1136933	PNP_5710	0
PNPM__5710	ERR1137076	PNP_5710	0
PNPM__5738	ERR1136934	PNP_5738	0
PNPM__5738	ERR1137077	PNP_5738	0
PNPM__5740	ERR1136935	PNP_5740	0
PNPM__5740	ERR1137078	PNP_5740	0
PNPM__5745	ERR1136936	PNP_5745	0
PNPM__5745	ERR1137079	PNP_5745	0
PNPM__5757	ERR1136937	PNP_5757	0
PNPM__5757	ERR1137080	PNP_5757	0
PNPM__5756	ERR1137081	PNP_5756	0
PNPM__5756	ERR1137425	PNP_5756	0
PNPM__5758	ERR1137082	PNP_5758	0
PNPM__5747	ERR1137083	PNP_5747	0
PNPM__5747	ERR1137369	PNP_5747	0
PNPM__5759	ERR1137084	PNP_5759	0
PNPM__5759	ERR1137370	PNP_5759	0
PNPM__5739	ERR1137085	PNP_5739	0
PNPM__5739	ERR1137371	PNP_5739	0
PNPM__5777	ERR1137086	PNP_5777	0
PNPM__5777	ERR1137372	PNP_5777	0
PNPM__5753	ERR1137087	PNP_5753	0
PNPM__5760	ERR1137088	PNP_5760	0
PNPM__5762	ERR1137089	PNP_5762	0
PNPM__5765	ERR1137090	PNP_5765	0
PNPM__5761	ERR1137091	PNP_5761	0
PNPM__5761	ERR1137329	PNP_5761	0
PNPM__5877	ERR1137092	PNP_5877	0
PNPM__5877	ERR1137426	PNP_5877	0
PNPM__5763	ERR1137093	PNP_5763	0
PNPM__5763	ERR1137427	PNP_5763	0
PNPM__5764	ERR1137094	PNP_5764	0
PNPM__5764	ERR1137428	PNP_5764	0
PNPM__5795	ERR1137095	PNP_5795	0
PNPM__5795	ERR1137330	PNP_5795	0
PNPM__5791	ERR1137096	PNP_5791	0
PNPM__5791	ERR1137331	PNP_5791	0
PNPM__5790	ERR1137097	PNP_5790	0
PNPM__5790	ERR1137429	PNP_5790	0
PNPM__5792	ERR1137098	PNP_5792	0
PNPM__5792	ERR1137332	PNP_5792	0
PNPM__5788	ERR1137099	PNP_5788	0
PNPM__5788	ERR1137333	PNP_5788	0
PNPM__5789	ERR1137100	PNP_5789	0
PNPM__5789	ERR1137334	PNP_5789	0
PNPM__5811	ERR1136602	PNP_5811	0
PNPM__5811	ERR1137101	PNP_5811	0
PNPM__5811	ERR1137606	PNP_5811	0
PNPM__5800	ERR1137102	PNP_5800	0
PNPM__5800	ERR1137430	PNP_5800	0
PNPM__5797	ERR1137103	PNP_5797	0
PNPM__5796	ERR1137104	PNP_5796	0
PNPM__5799	ERR1137105	PNP_5799	0
PNPM__5815	ERR1137106	PNP_5815	0
PNPM__5794	ERR1137107	PNP_5794	0
PNPM__5829	ERR1137108	PNP_5829	0
PNPM__5829	ERR1137282	PNP_5829	0
PNPM__5828	ERR1137109	PNP_5828	0
PNPM__5828	ERR1137283	PNP_5828	0
PNPM__5826	ERR1137110	PNP_5826	0
PNPM__5798	ERR1137111	PNP_5798	0
PNPM__5827	ERR1136603	PNP_5827	0
PNPM__5827	ERR1137112	PNP_5827	0
PNPM__5827	ERR1137709	PNP_5827	0
PNPM__5837	ERR1137113	PNP_5837	0
PNPM__5837	ERR1137284	PNP_5837	0
PNPM__5814	ERR1137114	PNP_5814	0
PNPM__5882	ERR1137115	PNP_5882	0
PNPM__5882	ERR1137285	PNP_5882	0
PNPM__5831	ERR1137116	PNP_5831	0
PNPM__5831	ERR1137286	PNP_5831	0
PNPM__5818	ERR1137117	PNP_5818	0
PNPM__5845	ERR1137118	PNP_5845	0
PNPM__5832	ERR1137119	PNP_5832	0
PNPM__5841	ERR1137120	PNP_5841	0
PNPM__5841	ERR1137287	PNP_5841	0
PNPM__5830	ERR1137121	PNP_5830	0
PNPM__5843	ERR1137122	PNP_5843	0
PNPM__5840	ERR1137123	PNP_5840	0
PNPM__5840	ERR1137288	PNP_5840	0
PNPM__5844	ERR1137124	PNP_5844	0
PNPM__5884	ERR1137125	PNP_5884	0
PNPM__5878	ERR1137126	PNP_5878	0
PNPM__5878	ERR1137289	PNP_5878	0
PNPM__5879	ERR1137127	PNP_5879	0
PNPM__5879	ERR1137290	PNP_5879	0
PNPM__5842	ERR1137128	PNP_5842	0
PNPM__5842	ERR1137291	PNP_5842	0
PNPM__5876	ERR1137129	PNP_5876	0
PNPM__5876	ERR1137292	PNP_5876	0
PNPM__5881	ERR1137130	PNP_5881	0
PNPM__5881	ERR1137293	PNP_5881	0
PNPM__5883	ERR1137131	PNP_5883	0
PNPM__5883	ERR1137294	PNP_5883	0
PNPM__5864	ERR1137132	PNP_5864	0
PNPM__5862	ERR1136604	PNP_5862	0
PNPM__5862	ERR1137133	PNP_5862	0
PNPM__5889	ERR1137134	PNP_5889	0
PNPM__5867	ERR1137135	PNP_5867	0
PNPM__5867	ERR1137238	PNP_5867	0
PNPM__5866	ERR1137136	PNP_5866	0
PNPM__5890	ERR1137137	PNP_5890	0
PNPM__5890	ERR1137239	PNP_5890	0
PNPM__5863	ERR1137138	PNP_5863	0
PNPM__5893	ERR1136605	PNP_5893	0
PNPM__5893	ERR1137139	PNP_5893	0
PNPM__5955	ERR1136938	PNP_5955	0
PNPM__5955	ERR1137140	PNP_5955	0
PNPM__5894	ERR1136939	PNP_5894	0
PNPM__5894	ERR1137141	PNP_5894	0
PNPM__5956	ERR1136940	PNP_5956	0
PNPM__5956	ERR1137142	PNP_5956	0
PNPM__5921	ERR1136606	PNP_5921	0
PNPM__5921	ERR1136941	PNP_5921	0
PNPM__5921	ERR1137143	PNP_5921	0
PNPM__5922	ERR1136942	PNP_5922	0
PNPM__5922	ERR1137144	PNP_5922	0
PNPM__5933	ERR1136943	PNP_5933	0
PNPM__5933	ERR1137145	PNP_5933	0
PNPM__5934	ERR1136944	PNP_5934	0
PNPM__5934	ERR1137146	PNP_5934	0
PNPM__5932	ERR1136945	PNP_5932	0
PNPM__5932	ERR1137147	PNP_5932	0
PNPM__5931	ERR1137148	PNP_5931	0
PNPM__5931	ERR1137240	PNP_5931	0
PNPM__5945	ERR1137149	PNP_5945	0
PNPM__5967	ERR1137150	PNP_5967	0
PNPM__5967	ERR1137607	PNP_5967	0
PNPM__5949	ERR1137151	PNP_5949	0
PNPM__5944	ERR1136607	PNP_5944	0
PNPM__5944	ERR1137152	PNP_5944	0
PNPM__5929	ERR1137153	PNP_5929	0
PNPM__5926	ERR1137154	PNP_5926	0
PNPM__5927	ERR1136608	PNP_5927	0
PNPM__5927	ERR1137155	PNP_5927	0
PNPM__5961	ERR1137156	PNP_5961	0
PNPM__5958	ERR1137157	PNP_5958	0
PNPM__5975	ERR1137158	PNP_5975	0
PNPM__5975	ERR1137608	PNP_5975	0
PNPM__5979	ERR1136609	PNP_5979	0
PNPM__5979	ERR1137159	PNP_5979	0
PNPM__5977	ERR1137160	PNP_5977	0
PNPM__5977	ERR1137241	PNP_5977	0
PNPM__5977	ERR1137640	PNP_5977	0
PNPM__5976	ERR1136610	PNP_5976	0
PNPM__5976	ERR1137161	PNP_5976	0
PNPM__5980	ERR1136611	PNP_5980	0
PNPM__5980	ERR1137162	PNP_5980	0
PNPM__5959	ERR1136612	PNP_5959	0
PNPM__5959	ERR1137163	PNP_5959	0
PNPM__5962	ERR1137164	PNP_5962	0
PNPM__5941	ERR1137165	PNP_5941	0
PNPM__5964	ERR1136613	PNP_5964	0
PNPM__5964	ERR1137166	PNP_5964	0
PNPM__5966	ERR1137167	PNP_5966	0
PNPM__5966	ERR1137242	PNP_5966	0
PNPM__5966	ERR1137295	PNP_5966	0
PNPM__5963	ERR1137168	PNP_5963	0
PNPM__5968	ERR1137169	PNP_5968	0
PNPM__5968	ERR1137609	PNP_5968	0
PNPM__5948	ERR1137170	PNP_5948	0
PNPM__5965	ERR1136614	PNP_5965	0
PNPM__5965	ERR1137171	PNP_5965	0
PNPM__5972	ERR1137172	PNP_5972	0
PNPM__5971	ERR1137173	PNP_5971	0
PNPM__5984	ERR1137174	PNP_5984	0
PNPM__5984	ERR1137243	PNP_5984	0
PNPM__5984	ERR1137296	PNP_5984	0
PNPM__5982	ERR1137175	PNP_5982	0
PNPM__5982	ERR1137244	PNP_5982	0
PNPM__5986	ERR1136615	PNP_5986	0
PNPM__5986	ERR1137176	PNP_5986	0
PNPM__5974	ERR1136616	PNP_5974	0
PNPM__5974	ERR1137177	PNP_5974	0
PNPM__5981	ERR1136617	PNP_5981	0
PNPM__5981	ERR1137178	PNP_5981	0
PNPM__5973	ERR1137179	PNP_5973	0
PNPM__5983	ERR1136618	PNP_5983	0
PNPM__5998	ERR1136619	PNP_5998	0
PNPM__5997	ERR1136620	PNP_5997	0
PNPM__6003	ERR1136621	PNP_6003	0
PNPM__5996	ERR1136622	PNP_5996	0
PNPM__5996	ERR1137610	PNP_5996	0
PNPM__5996	ERR1137710	PNP_5996	0
PNPM__5995	ERR1136623	PNP_5995	0
PNPM__5995	ERR1137641	PNP_5995	0
PNPM__5993	ERR1136624	PNP_5993	0
PNPM__5987	ERR1136625	PNP_5987	0
PNPM__5985	ERR1136626	PNP_5985	0
PNPM__6018	ERR1136627	PNP_6018	0
PNPM__6010	ERR1136628	PNP_6010	0
PNPM__6015	ERR1136629	PNP_6015	0
PNPM__6014	ERR1136630	PNP_6014	0
PNPM__5994	ERR1136631	PNP_5994	0
PNPM__6017	ERR1136632	PNP_6017	0
PNPM__6013	ERR1136633	PNP_6013	0
PNPM__6013	ERR1137711	PNP_6013	0
PNPM__5978	ERR1136954	PNP_5978	0
PNPM__5978	ERR1137335	PNP_5978	0
PNPM__5991	ERR1136955	PNP_5991	0
PNPM__5988	ERR1136956	PNP_5988	0
PNPM__5988	ERR1137336	PNP_5988	0
PNPM__5992	ERR1136957	PNP_5992	0
PNPM__5992	ERR1137337	PNP_5992	0
PNPM__5992	ERR1137712	PNP_5992	0
PNPM__6006	ERR1136958	PNP_6006	0
PNPM__6005	ERR1136959	PNP_6005	0
PNPM__6005	ERR1137338	PNP_6005	0
PNPM__6022	ERR1136960	PNP_6022	0
PNPM__6022	ERR1137339	PNP_6022	0
PNPM__6002	ERR1136961	PNP_6002	0
PNPM__5990	ERR1136962	PNP_5990	0
PNPM__5990	ERR1137340	PNP_5990	0
PNPM__6004	ERR1136963	PNP_6004	0
PNPM__6004	ERR1137341	PNP_6004	0
PNPM__5999	ERR1136964	PNP_5999	0
PNPM__5999	ERR1137342	PNP_5999	0
PNPM__5989	ERR1136965	PNP_5989	0
PNPM__5989	ERR1137343	PNP_5989	0
PNPM__6001	ERR1136966	PNP_6001	0
PNPM__6001	ERR1137344	PNP_6001	0
PNPM__6020	ERR1136967	PNP_6020	0
PNPM__6020	ERR1137345	PNP_6020	0
PNPM__6041	ERR1136946	PNP_6041	0
PNPM__6041	ERR1136968	PNP_6041	0
PNPM__6042	ERR1136947	PNP_6042	0
PNPM__6042	ERR1136969	PNP_6042	0
PNPM__6036	ERR1136948	PNP_6036	0
PNPM__6036	ERR1136970	PNP_6036	0
PNPM__6040	ERR1136949	PNP_6040	0
PNPM__6040	ERR1136971	PNP_6040	0
PNPM__6045	ERR1136950	PNP_6045	0
PNPM__6045	ERR1136972	PNP_6045	0
PNPM__6039	ERR1136951	PNP_6039	0
PNPM__6039	ERR1136973	PNP_6039	0
PNPM__6043	ERR1136952	PNP_6043	0
PNPM__6043	ERR1136974	PNP_6043	0
PNPM__6050	ERR1136953	PNP_6050	0
PNPM__6050	ERR1136975	PNP_6050	0
PNPM__6044	ERR1136976	PNP_6044	0
PNPM__6037	ERR1136977	PNP_6037	0
PNPM__6037	ERR1137245	PNP_6037	0
PNPM__6021	ERR1136978	PNP_6021	0
PNPM__6021	ERR1137246	PNP_6021	0
PNPM__6061	ERR1136979	PNP_6061	0
PNPM__6061	ERR1137247	PNP_6061	0
PNPM__6068	ERR1136980	PNP_6068	0
PNPM__6068	ERR1137248	PNP_6068	0
PNPM__6064	ERR1136981	PNP_6064	0
PNPM__6064	ERR1137249	PNP_6064	0
PNPM__6063	ERR1136982	PNP_6063	0
PNPM__6062	ERR1136983	PNP_6062	0
PNPM__6062	ERR1137250	PNP_6062	0
PNPM__6038	ERR1136984	PNP_6038	0
PNPM__6038	ERR1137251	PNP_6038	0
PNPM__6066	ERR1136985	PNP_6066	0
PNPM__6066	ERR1137252	PNP_6066	0
PNPM__6076	ERR1136986	PNP_6076	0
PNPM__6076	ERR1137253	PNP_6076	0
PNPM__6069	ERR1136987	PNP_6069	0
PNPM__6060	ERR1136988	PNP_6060	0
PNPM__6077	ERR1136989	PNP_6077	0
PNPM__6077	ERR1137254	PNP_6077	0
PNPM__6065	ERR1136990	PNP_6065	0
PNPM__6065	ERR1137255	PNP_6065	0
PNPM__6071	ERR1136991	PNP_6071	0
PNPM__6071	ERR1137256	PNP_6071	0
PNPM__6082	ERR1136992	PNP_6082	0
PNPM__6082	ERR1137257	PNP_6082	0
PNPM__6086	ERR1136993	PNP_6086	0
PNPM__6086	ERR1137258	PNP_6086	0
PNPM__6007	ERR1136994	PNP_6007	0
PNPM__6025	ERR1136995	PNP_6025	0
PNPM__6025	ERR1137259	PNP_6025	0
PNPM__6024	ERR1136996	PNP_6024	0
PNPM__6024	ERR1137260	PNP_6024	0
PNPM__6030	ERR1136997	PNP_6030	0
PNPM__6030	ERR1137261	PNP_6030	0
PNPM__6034	ERR1136998	PNP_6034	0
PNPM__6034	ERR1137262	PNP_6034	0
PNPM__6033	ERR1136999	PNP_6033	0
PNPM__6033	ERR1137263	PNP_6033	0
PNPM__6027	ERR1137000	PNP_6027	0
PNPM__6027	ERR1137264	PNP_6027	0
PNPM__6035	ERR1137001	PNP_6035	0
PNPM__6035	ERR1137265	PNP_6035	0
PNPM__6026	ERR1137002	PNP_6026	0
PNPM__6026	ERR1137266	PNP_6026	0
PNPM__6031	ERR1137003	PNP_6031	0
PNPM__6031	ERR1137267	PNP_6031	0
PNPM__6012	ERR1137004	PNP_6012	0
PNPM__6012	ERR1137268	PNP_6012	0
PNPM__6029	ERR1137005	PNP_6029	0
PNPM__6029	ERR1137269	PNP_6029	0
PNPM__6008	ERR1137006	PNP_6008	0
PNPM__6008	ERR1137227	PNP_6008	0
PNPM__6016	ERR1137007	PNP_6016	0
PNPM__6011	ERR1137008	PNP_6011	0
PNPM__6023	ERR1137009	PNP_6023	0
PNPM__6023	ERR1137270	PNP_6023	0
PNPM__6009	ERR1137010	PNP_6009	0
PNPM__6009	ERR1137271	PNP_6009	0
PNPM__6047	ERR1137011	PNP_6047	0
PNPM__6047	ERR1137272	PNP_6047	0
PNPM__6046	ERR1137012	PNP_6046	0
PNPM__6046	ERR1137273	PNP_6046	0
PNPM__6067	ERR1137013	PNP_6067	0
PNPM__6048	ERR1137014	PNP_6048	0
PNPM__6048	ERR1137228	PNP_6048	0
PNPM__6049	ERR1137015	PNP_6049	0
PNPM__6049	ERR1137274	PNP_6049	0
PNPM__6028	ERR1137016	PNP_6028	0
PNPM__6058	ERR1137017	PNP_6058	0
PNPM__6058	ERR1137297	PNP_6058	0
PNPM__6051	ERR1137018	PNP_6051	0
PNPM__6051	ERR1137298	PNP_6051	0
PNPM__6055	ERR1137019	PNP_6055	0
PNPM__6055	ERR1137299	PNP_6055	0
PNPM__6053	ERR1137020	PNP_6053	0
PNPM__6053	ERR1137300	PNP_6053	0
PNPM__6057	ERR1137021	PNP_6057	0
PNPM__6057	ERR1137301	PNP_6057	0
PNPM__6079	ERR1137022	PNP_6079	0
PNPM__6079	ERR1137302	PNP_6079	0
PNPM__6080	ERR1137023	PNP_6080	0
PNPM__6080	ERR1137303	PNP_6080	0
PNPM__6056	ERR1137024	PNP_6056	0
PNPM__6054	ERR1137025	PNP_6054	0
PNPM__6054	ERR1137304	PNP_6054	0
PNPM__6092	ERR1137026	PNP_6092	0
PNPM__6092	ERR1137305	PNP_6092	0
PNPM__6095	ERR1137027	PNP_6095	0
PNPM__6095	ERR1137306	PNP_6095	0
PNPM__6093	ERR1137028	PNP_6093	0
PNPM__6093	ERR1137307	PNP_6093	0
PNPM__6091	ERR1137029	PNP_6091	0
PNPM__6091	ERR1137308	PNP_6091	0
PNPM__6094	ERR1137030	PNP_6094	0
PNPM__6094	ERR1137309	PNP_6094	0
PNPM__6078	ERR1137031	PNP_6078	0
PNPM__6078	ERR1137310	PNP_6078	0
PNPM__6106	ERR1137032	PNP_6106	0
PNPM__6106	ERR1137311	PNP_6106	0
PNPM__6105	ERR1137033	PNP_6105	0
PNPM__6105	ERR1137312	PNP_6105	0
PNPM__6107	ERR1137034	PNP_6107	0
PNPM__6107	ERR1137313	PNP_6107	0
PNPM__6098	ERR1137035	PNP_6098	0
PNPM__6098	ERR1137314	PNP_6098	0
PNPM__6102	ERR1137036	PNP_6102	0
PNPM__6117	ERR1137037	PNP_6117	0
PNPM__6117	ERR1137315	PNP_6117	0
PNPM__6118	ERR1137038	PNP_6118	0
PNPM__6118	ERR1137316	PNP_6118	0
PNPM__6125	ERR1137039	PNP_6125	0
PNPM__6125	ERR1137317	PNP_6125	0
PNPM__6120	ERR1137040	PNP_6120	0
PNPM__6120	ERR1137318	PNP_6120	0
PNPM__6119	ERR1137041	PNP_6119	0
PNPM__6119	ERR1137319	PNP_6119	0
PNPM__6127	ERR1137042	PNP_6127	0
PNPM__6127	ERR1137320	PNP_6127	0
PNPM__6108	ERR1137043	PNP_6108	0
PNPM__6128	ERR1137044	PNP_6128	0
PNPM__6128	ERR1137321	PNP_6128	0
PNPM__6136	ERR1137045	PNP_6136	0
PNPM__6133	ERR1137046	PNP_6133	0
PNPM__6133	ERR1137322	PNP_6133	0
PNPM__6147	ERR1137047	PNP_6147	0
PNPM__6147	ERR1137323	PNP_6147	0
PNPM__6132	ERR1137048	PNP_6132	0
PNPM__6144	ERR1137049	PNP_6144	0
PNPM__6144	ERR1137324	PNP_6144	0
PNPM__6134	ERR1137050	PNP_6134	0
PNPM__6134	ERR1137346	PNP_6134	0
PNPM__6131	ERR1137051	PNP_6131	0
PNPM__6131	ERR1137347	PNP_6131	0
PNPM__6135	ERR1137052	PNP_6135	0
PNPM__6135	ERR1137348	PNP_6135	0
PNPM__6110	ERR1137053	PNP_6110	0
PNPM__6110	ERR1137349	PNP_6110	0
PNPM__6130	ERR1137054	PNP_6130	0
PNPM__6130	ERR1137325	PNP_6130	0
PNPM__6148	ERR1137055	PNP_6148	0
PNPM__6148	ERR1137350	PNP_6148	0
PNPM__6152	ERR1137056	PNP_6152	0
PNPM__6152	ERR1137351	PNP_6152	0
PNPM__6149	ERR1137057	PNP_6149	0
PNPM__6149	ERR1137352	PNP_6149	0
PNPM__6158	ERR1137058	PNP_6158	0
PNPM__6158	ERR1137353	PNP_6158	0
PNPM__6155	ERR1137059	PNP_6155	0
PNPM__6153	ERR1137060	PNP_6153	0
PNPM__6153	ERR1137354	PNP_6153	0
PNPM__6161	ERR1137061	PNP_6161	0
PNPM__6161	ERR1137355	PNP_6161	0
PNPM__6162	ERR1137062	PNP_6162	0
PNPM__6163	ERR1137063	PNP_6163	0
PNPM__6164	ERR1137064	PNP_6164	0
PNPM__6178	ERR1137065	PNP_6178	0
PNPM__6178	ERR1137356	PNP_6178	0
PNPM__6174	ERR1137066	PNP_6174	0
PNPM__6174	ERR1137357	PNP_6174	0
PNPM__6177	ERR1137067	PNP_6177	0
PNPM__6177	ERR1137358	PNP_6177	0
PNPM__6175	ERR1137068	PNP_6175	0
PNPM__6175	ERR1137359	PNP_6175	0
PNPM__6172	ERR1137069	PNP_6172	0
PNPM__6172	ERR1137360	PNP_6172	0
PNPM__6210	ERR1137070	PNP_6210	0
PNPM__6210	ERR1137361	PNP_6210	0
PNPM__6207	ERR1137071	PNP_6207	0
PNPM__6207	ERR1137362	PNP_6207	0
PNPM__6205	ERR1137072	PNP_6205	0
PNPM__6208	ERR1137073	PNP_6208	0
PNPM__6208	ERR1137668	PNP_6208	0
PNPM__6209	ERR1137074	PNP_6209	0
PNPM__6209	ERR1137713	PNP_6209	0
PNPM__6104	ERR1136634	PNP_6104	0
PNPM__6100	ERR1136635	PNP_6100	0
PNPM__6096	ERR1136636	PNP_6096	0
PNPM__6096	ERR1137580	PNP_6096	0
PNPM__6101	ERR1136637	PNP_6101	0
PNPM__6097	ERR1136638	PNP_6097	0
PNPM__6097	ERR1137611	PNP_6097	0
PNPM__6103	ERR1136639	PNP_6103	0
PNPM__6113	ERR1136640	PNP_6113	0
PNPM__6123	ERR1136641	PNP_6123	0
PNPM__6123	ERR1137581	PNP_6123	0
PNPM__6116	ERR1136642	PNP_6116	0
PNPM__6114	ERR1136643	PNP_6114	0
PNPM__6114	ERR1137582	PNP_6114	0
PNPM__6124	ERR1136644	PNP_6124	0
PNPM__6124	ERR1137583	PNP_6124	0
PNPM__6115	ERR1136645	PNP_6115	0
PNPM__6111	ERR1136646	PNP_6111	0
PNPM__6111	ERR1137612	PNP_6111	0
PNPM__6111	ERR1137685	PNP_6111	0
PNPM__6109	ERR1136647	PNP_6109	0
PNPM__6112	ERR1136648	PNP_6112	0
PNPM__6112	ERR1137613	PNP_6112	0
PNPM__6139	ERR1136649	PNP_6139	0
PNPM__6139	ERR1137584	PNP_6139	0
PNPM__6138	ERR1136650	PNP_6138	0
PNPM__6138	ERR1137585	PNP_6138	0
PNPM__6145	ERR1136651	PNP_6145	0
PNPM__6140	ERR1136652	PNP_6140	0
PNPM__6137	ERR1136653	PNP_6137	0
PNPM__6137	ERR1137586	PNP_6137	0
PNPM__6141	ERR1136654	PNP_6141	0
PNPM__6143	ERR1136655	PNP_6143	0
PNPM__6143	ERR1137587	PNP_6143	0
PNPM__6142	ERR1136656	PNP_6142	0
PNPM__6173	ERR1136657	PNP_6173	0
PNPM__6159	ERR1136658	PNP_6159	0
PNPM__6168	ERR1136659	PNP_6168	0
PNPM__6165	ERR1136660	PNP_6165	0
PNPM__6165	ERR1137588	PNP_6165	0
PNPM__6160	ERR1136661	PNP_6160	0
PNPM__6160	ERR1137589	PNP_6160	0
PNPM__6167	ERR1136662	PNP_6167	0
PNPM__6167	ERR1137590	PNP_6167	0
PNPM__6169	ERR1136663	PNP_6169	0
PNPM__6169	ERR1137591	PNP_6169	0
PNPM__6166	ERR1136664	PNP_6166	0
PNPM__6179	ERR1136665	PNP_6179	0
PNPM__6185	ERR1136666	PNP_6185	0
PNPM__6185	ERR1137614	PNP_6185	0
PNPM__6186	ERR1136667	PNP_6186	0
PNPM__6218	ERR1136668	PNP_6218	0
PNPM__6215	ERR1136669	PNP_6215	0
PNPM__6216	ERR1136670	PNP_6216	0
PNPM__6214	ERR1136671	PNP_6214	0
PNPM__6228	ERR1136672	PNP_6228	0
PNPM__6227	ERR1136673	PNP_6227	0
PNPM__6231	ERR1136674	PNP_6231	0
PNPM__6229	ERR1136675	PNP_6229	0
PNPM__6229	ERR1137592	PNP_6229	0
PNPM__6226	ERR1136676	PNP_6226	0
PNPM__6226	ERR1137593	PNP_6226	0
PNPM__6244	ERR1136677	PNP_6244	0
PNPM__6245	ERR1136678	PNP_6245	0
PNPM__6245	ERR1137594	PNP_6245	0
PNPM__6255	ERR1136679	PNP_6255	0
PNPM__6255	ERR1137615	PNP_6255	0
PNPM__6247	ERR1136680	PNP_6247	0
PNPM__6246	ERR1136681	PNP_6246	0
PNPM__6249	ERR1136682	PNP_6249	0
PNPM__6085	ERR1136683	PNP_6085	0
PNPM__6085	ERR1137595	PNP_6085	0
PNPM__6073	ERR1136684	PNP_6073	0
PNPM__6073	ERR1137596	PNP_6073	0
PNPM__6083	ERR1136685	PNP_6083	0
PNPM__6084	ERR1136686	PNP_6084	0
PNPM__6087	ERR1136687	PNP_6087	0
PNPM__6081	ERR1136688	PNP_6081	0
PNPM__6088	ERR1136689	PNP_6088	0
PNPM__6072	ERR1136690	PNP_6072	0
PNPM__6072	ERR1137642	PNP_6072	0
PNPM__6089	ERR1136691	PNP_6089	0
PNPM__6089	ERR1137616	PNP_6089	0
PNPM__6074	ERR1136692	PNP_6074	0
PNPM__6269	ERR1137491	PNP_6269	0
PNPM__6269	ERR1137564	PNP_6269	0
PNPM__6269	ERR1137617	PNP_6269	0
PNPM__6268	ERR1137492	PNP_6268	0
PNPM__6265	ERR1137493	PNP_6265	0
PNPM__6267	ERR1137494	PNP_6267	0
PNPM__6270	ERR1137495	PNP_6270	0
PNPM__6285	ERR1137496	PNP_6285	0
PNPM__6283	ERR1137497	PNP_6283	0
PNPM__6281	ERR1137498	PNP_6281	0
PNPM__6281	ERR1137643	PNP_6281	0
PNPM__6271	ERR1137499	PNP_6271	0
PNPM__6282	ERR1137437	PNP_6282	0
PNPM__6320	ERR1137438	PNP_6320	0
PNPM__6319	ERR1137439	PNP_6319	0
PNPM__6322	ERR1137440	PNP_6322	0
PNPM__6322	ERR1137565	PNP_6322	0
PNPM__6322	ERR1137644	PNP_6322	0
PNPM__6321	ERR1137441	PNP_6321	0
PNPM__6330	ERR1137442	PNP_6330	0
PNPM__6332	ERR1137443	PNP_6332	0
PNPM__6331	ERR1137444	PNP_6331	0
PNPM__6352	ERR1137445	PNP_6352	0
PNPM__6334	ERR1137446	PNP_6334	0
PNPM__6346	ERR1137447	PNP_6346	0
PNPM__6348	ERR1137448	PNP_6348	0
PNPM__6351	ERR1137449	PNP_6351	0
PNPM__6351	ERR1137618	PNP_6351	0
PNPM__6351	ERR1137714	PNP_6351	0
PNPM__6184	ERR1137450	PNP_6184	0
PNPM__6181	ERR1137451	PNP_6181	0
PNPM__6224	ERR1137452	PNP_6224	0
PNPM__6230	ERR1137453	PNP_6230	0
PNPM__6225	ERR1137454	PNP_6225	0
PNPM__6223	ERR1137455	PNP_6223	0
PNPM__6223	ERR1137645	PNP_6223	0
PNPM__6242	ERR1137456	PNP_6242	0
PNPM__6242	ERR1137619	PNP_6242	0
PNPM__6239	ERR1137457	PNP_6239	0
PNPM__6240	ERR1137458	PNP_6240	0
PNPM__6252	ERR1137459	PNP_6252	0
PNPM__6252	ERR1137620	PNP_6252	0
PNPM__6252	ERR1137715	PNP_6252	0
PNPM__6241	ERR1137460	PNP_6241	0
PNPM__6237	ERR1137461	PNP_6237	0
PNPM__6253	ERR1137462	PNP_6253	0
PNPM__6253	ERR1137646	PNP_6253	0
PNPM__6262	ERR1137463	PNP_6262	0
PNPM__6262	ERR1137716	PNP_6262	0
PNPM__6261	ERR1137464	PNP_6261	0
PNPM__6261	ERR1137621	PNP_6261	0
PNPM__6261	ERR1137717	PNP_6261	0
PNPM__6257	ERR1137373	PNP_6257	0
PNPM__6257	ERR1137647	PNP_6257	0
PNPM__6264	ERR1137374	PNP_6264	0
PNPM__6259	ERR1137375	PNP_6259	0
PNPM__6256	ERR1137376	PNP_6256	0
PNPM__6279	ERR1137377	PNP_6279	0
PNPM__6287	ERR1137378	PNP_6287	0
PNPM__6275	ERR1137379	PNP_6275	0
PNPM__6278	ERR1137380	PNP_6278	0
PNPM__6272	ERR1137363	PNP_6272	0
PNPM__6276	ERR1137364	PNP_6276	0
PNPM__6274	ERR1137431	PNP_6274	0
PNPM__6251	ERR1137432	PNP_6251	0
PNPM__6369	ERR1137433	PNP_6369	0
PNPM__6366	ERR1137434	PNP_6366	0
PNPM__6364	ERR1137435	PNP_6364	0
PNPM__6367	ERR1137436	PNP_6367	0
PNPM__6361	ERR1137365	PNP_6361	0
PNPM__6362	ERR1137366	PNP_6362	0
PNPM__6349	ERR1137381	PNP_6349	0
PNPM__6349	ERR1137622	PNP_6349	0
PNPM__6349	ERR1137718	PNP_6349	0
PNPM__6289	ERR1137465	PNP_6289	0
PNPM__6289	ERR1137648	PNP_6289	0
PNPM__6294	ERR1137466	PNP_6294	0
PNPM__6296	ERR1137467	PNP_6296	0
PNPM__6296	ERR1137649	PNP_6296	0
PNPM__6295	ERR1137468	PNP_6295	0
PNPM__6295	ERR1137650	PNP_6295	0
PNPM__6273	ERR1137469	PNP_6273	0
PNPM__6273	ERR1137651	PNP_6273	0
PNPM__6260	ERR1137470	PNP_6260	0
PNPM__6260	ERR1137652	PNP_6260	0
PNPM__6291	ERR1137471	PNP_6291	0
PNPM__6324	ERR1137472	PNP_6324	0
PNPM__6328	ERR1137473	PNP_6328	0
PNPM__6328	ERR1137623	PNP_6328	0
PNPM__6337	ERR1137474	PNP_6337	0
PNPM__6326	ERR1137475	PNP_6326	0
PNPM__6326	ERR1137624	PNP_6326	0
PNPM__6338	ERR1137476	PNP_6338	0
PNPM__6336	ERR1137477	PNP_6336	0
PNPM__6336	ERR1137653	PNP_6336	0
PNPM__6325	ERR1137478	PNP_6325	0
PNPM__6343	ERR1137479	PNP_6343	0
PNPM__6340	ERR1137480	PNP_6340	0
PNPM__6350	ERR1137481	PNP_6350	0
PNPM__6358	ERR1137482	PNP_6358	0
PNPM__6341	ERR1137483	PNP_6341	0
PNPM__6354	ERR1137484	PNP_6354	0
PNPM__6342	ERR1137485	PNP_6342	0
PNPM__6355	ERR1137486	PNP_6355	0
PNPM__6355	ERR1137654	PNP_6355	0
PNPM__6353	ERR1137487	PNP_6353	0
PNPM__6378	ERR1137488	PNP_6378	0
PNPM__6359	ERR1137489	PNP_6359	0
PNPM__6374	ERR1137490	PNP_6374	0
PNPM__6396	ERR1137500	PNP_6396	0
PNPM__6380	ERR1137501	PNP_6380	0
PNPM__6382	ERR1137502	PNP_6382	0
PNPM__6385	ERR1137503	PNP_6385	0
PNPM__6381	ERR1137504	PNP_6381	0
PNPM__6384	ERR1137505	PNP_6384	0
PNPM__6368	ERR1137382	PNP_6368	0
PNPM__6365	ERR1137506	PNP_6365	0
PNPM__6399	ERR1137507	PNP_6399	0
PNPM__6400	ERR1137508	PNP_6400	0
PNPM__6397	ERR1137509	PNP_6397	0
PNPM__6402	ERR1137510	PNP_6402	0
PNPM__6383	ERR1137511	PNP_6383	0
PNPM__6413	ERR1137512	PNP_6413	0
PNPM__6412	ERR1137513	PNP_6412	0
PNPM__6415	ERR1137383	PNP_6415	0
PNPM__6425	ERR1137384	PNP_6425	0
PNPM__6425	ERR1137655	PNP_6425	0
PNPM__6414	ERR1137385	PNP_6414	0
PNPM__6411	ERR1137386	PNP_6411	0
PNPM__6401	ERR1137387	PNP_6401	0
PNPM__6429	ERR1137388	PNP_6429	0
PNPM__6429	ERR1137625	PNP_6429	0
PNPM__6427	ERR1137389	PNP_6427	0
PNPM__6440	ERR1137390	PNP_6440	0
PNPM__6438	ERR1137391	PNP_6438	0
PNPM__6439	ERR1137392	PNP_6439	0
PNPM__6405	ERR1137534	PNP_6405	0
PNPM__6405	ERR1137669	PNP_6405	0
PNPM__6392	ERR1137535	PNP_6392	0
PNPM__6386	ERR1137536	PNP_6386	0
PNPM__6388	ERR1137537	PNP_6388	0
PNPM__6391	ERR1137538	PNP_6391	0
PNPM__6389	ERR1137539	PNP_6389	0
PNPM__6410	ERR1137540	PNP_6410	0
PNPM__6407	ERR1137541	PNP_6407	0
PNPM__6409	ERR1137542	PNP_6409	0
PNPM__6423	ERR1137543	PNP_6423	0
PNPM__6418	ERR1137544	PNP_6418	0
PNPM__6422	ERR1137545	PNP_6422	0
PNPM__6421	ERR1137546	PNP_6421	0
PNPM__6420	ERR1137514	PNP_6420	0
PNPM__6424	ERR1137515	PNP_6424	0
PNPM__6443	ERR1137516	PNP_6443	0
PNPM__6433	ERR1137517	PNP_6433	0
PNPM__6445	ERR1137518	PNP_6445	0
PNPM__6446	ERR1137519	PNP_6446	0
PNPM__6447	ERR1137520	PNP_6447	0
PNPM__6434	ERR1137521	PNP_6434	0
PNPM__6435	ERR1137522	PNP_6435	0
PNPM__6463	ERR1137523	PNP_6463	0
PNPM__6455	ERR1137524	PNP_6455	0
PNPM__6454	ERR1137525	PNP_6454	0
PNPM__6465	ERR1137526	PNP_6465	0
PNPM__6471	ERR1137527	PNP_6471	0
PNPM__6473	ERR1137528	PNP_6473	0
PNPM__6426	ERR1137547	PNP_6426	0
PNPM__6451	ERR1137548	PNP_6451	0
PNPM__6448	ERR1137549	PNP_6448	0
PNPM__6450	ERR1137550	PNP_6450	0
PNPM__6449	ERR1137551	PNP_6449	0
PNPM__6437	ERR1137552	PNP_6437	0
PNPM__6474	ERR1137553	PNP_6474	0
PNPM__6460	ERR1137554	PNP_6460	0
PNPM__6458	ERR1137555	PNP_6458	0
PNPM__6459	ERR1137556	PNP_6459	0
PNPM__6467	ERR1137557	PNP_6467	0
PNPM__6467	ERR1137597	PNP_6467	0
PNPM__6466	ERR1137558	PNP_6466	0
PNPM__6468	ERR1137559	PNP_6468	0
PNPM__6480	ERR1137560	PNP_6480	0
PNPM__6489	ERR1137561	PNP_6489	0
PNPM__6481	ERR1137562	PNP_6481	0
PNPM__6495	ERR1137563	PNP_6495	0
PNPM__6373	ERR1137529	PNP_6373	0
PNPM__6372	ERR1137530	PNP_6372	0
PNPM__6394	ERR1137531	PNP_6394	0
PNPM__6356	ERR1137532	PNP_6356	0
PNPM__6395	ERR1137533	PNP_6395	0
PNPM__6472	ERR1137566	PNP_6472	0
PNPM__6497	ERR1137598	PNP_6497	0
PNPM__6511	ERR1137567	PNP_6511	0
PNPM__6508	ERR1137568	PNP_6508	0
PNPM__6524	ERR1137599	PNP_6524	0
PNPM__6498	ERR1137569	PNP_6498	0
PNPM__6493	ERR1137600	PNP_6493	0
PNPM__6494	ERR1137601	PNP_6494	0
PNPM__6547	ERR1137626	PNP_6547	0
PNPM__6546	ERR1137670	PNP_6546	0
PNPM__6544	ERR1137656	PNP_6544	0
PNPM__6533	ERR1137671	PNP_6533	0
PNPM__6559	ERR1137627	PNP_6559	0
PNPM__6559	ERR1137672	PNP_6559	0
PNPM__6571	ERR1137657	PNP_6571	0
PNPM__6571	ERR1137673	PNP_6571	0
PNPM__6577	ERR1137628	PNP_6577	0
PNPM__6578	ERR1137629	PNP_6578	0
PNPM__6578	ERR1137674	PNP_6578	0
PNPM__6589	ERR1137630	PNP_6589	0
PNPM__6588	ERR1137658	PNP_6588	0
PNPM__6581	ERR1137659	PNP_6581	0
PNPM__6590	ERR1137631	PNP_6590	0
PNPM__6594	ERR1137675	PNP_6594	0
PNPM__6595	ERR1137632	PNP_6595	0
PNPM__6595	ERR1137676	PNP_6595	0
PNPM__6591	ERR1137633	PNP_6591	0
PNPM__6608	ERR1137634	PNP_6608	0
PNPM__6624	ERR1137635	PNP_6624	0
PNPM__6622	ERR1137677	PNP_6622	0
PNPM__6645	ERR1137636	PNP_6645	0
PNPM__6568	ERR1137660	PNP_6568	0
PNPM__6567	ERR1137661	PNP_6567	0
PNPM__6596	ERR1137662	PNP_6596	0
PNPM__6601	ERR1137678	PNP_6601	0
PNPM__6616	ERR1137679	PNP_6616	0
PNPM__6602	ERR1137680	PNP_6602	0
PNPM__6597	ERR1137681	PNP_6597	0
PNPM__6612	ERR1137682	PNP_6612	0
PNPM__6615	ERR1137683	PNP_6615	0
PNPM__6633	ERR1137663	PNP_6633	0
PNPM__6648	ERR1137664	PNP_6648	0
PNPM__6648	ERR1137684	PNP_6648	0
PNPM__6647	ERR1137665	PNP_6647	0
PNPM__6630	ERR1137686	PNP_6630	0
PNPM__6672	ERR1137687	PNP_6672	0
PNPM__6662	ERR1137688	PNP_6662	0
PNPM__6674	ERR1137689	PNP_6674	0
PNPM__6673	ERR1137690	PNP_6673	0
PNPM__6676	ERR1137691	PNP_6676	0
PNPM__6652	ERR1137692	PNP_6652	0
PNPM__6656	ERR1137693	PNP_6656	0
PNPM__6654	ERR1137694	PNP_6654	0
PNPM__6651	ERR1137695	PNP_6651	0
PNPM__6658	ERR1137696	PNP_6658	0
PNPM__6666	ERR1137697	PNP_6666	0
PNPM__6655	ERR1137698	PNP_6655	0
PNPM__5458	ERR1137719	PNP_5458	0
PNPM__5447	ERR1137720	PNP_5447	0
PNPM__5468	ERR1137721	PNP_5468	0
PNPM__5483	ERR1137722	PNP_5483	0
PNPM__5473	ERR1137723	PNP_5473	0
PNPM__5580	ERR1137724	PNP_5580	0
PNPM__6248	ERR1137725	PNP_6248	0
PNPM__6379	ERR1137726	PNP_6379	0
PNPM__6390	ERR1137727	PNP_6390	0
PNPD19.1	ERR1137966	PNPD19	0
PNPD1.1	ERR1137728	PNPD1	0
PNPD1.2	ERR1137729	PNPD1	0
PNPD1.3	ERR1137730	PNPD1	2
PNPD1.4	ERR1137732	PNPD1	2
PNPD1.5	ERR1137734	PNPD1	4
PNPD1.6	ERR1137735	PNPD1	5
PNPD1.7	ERR1137738	PNPD1	7
PNPD1.8	ERR1137739	PNPD1	8
PNPD15.1	ERR1137882	PNPD15	0
PNPD15.2	ERR1137895	PNPD15	5
PNPD1.9	ERR1137742	PNPD1	8
PNPD1.10	ERR1137744	PNPD1	11
PNPD1.11	ERR1137746	PNPD1	12
PNPD1.12	ERR1137748	PNPD1	13
PNPD1.13	ERR1137750	PNPD1	15
PNPD3.6	ERR1137741	PNPD3	6
PNPD3.7	ERR1137743	PNPD3	8
PNPD3.8	ERR1137745	PNPD3	9
PNPD3.9	ERR1137747	PNPD3	11
PNPD3.10	ERR1137749	PNPD3	12
PNPD8.10	ERR1137881	PNPD8	13
PNPD8.11	ERR1137884	PNPD8	14
PNPD8.12	ERR1137887	PNPD8	17
PNPD8.13	ERR1137888	PNPD8	16
PNPD8.14	ERR1137890	PNPD8	17
PNPD8.15	ERR1137892	PNPD8	19
PNPD8.16	ERR1137894	PNPD8	20
PNPD19.7	ERR1137980	PNPD19	16
PNPD19.8	ERR1137983	PNPD19	17
PNPD19.9	ERR1137991	PNPD19	20
PNPD19.10	ERR1137992	PNPD19	21
PNPD19.11	ERR1137995	PNPD19	21
PNPD7.3	ERR1137798	PNPD7	6
PNPD7.4	ERR1137799	PNPD7	7
PNPD7.5	ERR1137800	PNPD7	8
PNPD7.6	ERR1137801	PNPD7	9
PNPD7.7	ERR1137802	PNPD7	10
PNPD7.8	ERR1137803	PNPD7	11
PNPD7.9	ERR1137804	PNPD7	12
PNPD1.14	ERR1137751	PNPD1	16
PNPD1.15	ERR1137754	PNPD1	17
PNPD1.16	ERR1137756	PNPD1	17
PNPD1.17	ERR1137759	PNPD1	20
PNPD9.1	ERR1137924	PNPD9	0
PNPD9.2	ERR1137925	PNPD9	5
PNPD16.10	ERR1137883	PNPD16	14
PNPD16.11	ERR1137885	PNPD16	15
PNPD16.12	ERR1137886	PNPD16	16
PNPD16.13	ERR1137889	PNPD16	17
PNPD16.14	ERR1137891	PNPD16	18
PNPD16.15	ERR1137893	PNPD16	19
PNPD15.3	ERR1137896	PNPD15	7
PNPD15.4	ERR1137897	PNPD15	7
PNPD15.5	ERR1137898	PNPD15	8
PNPD15.6	ERR1137899	PNPD15	8
PNPD15.7	ERR1137900	PNPD15	11
PNPD15.8	ERR1137901	PNPD15	12
PNPD15.9	ERR1137902	PNPD15	13
PNPD9.3	ERR1137968	PNPD9	8
PNPD9.4	ERR1137969	PNPD9	11
PNPD9.5	ERR1137970	PNPD9	12
PNPD9.6	ERR1137973	PNPD9	13
PNPD10.1	ERR1137766	PNPD10	0
PNPD10.2	ERR1137767	PNPD10	0
PNPD10.3	ERR1137768	PNPD10	4
PNPD10.4	ERR1137769	PNPD10	6
PNPD10.5	ERR1137770	PNPD10	6
PNPD17.1	ERR1137903	PNPD17	0
PNPD17.2	ERR1137904	PNPD17	0
PNPD17.3	ERR1137909	PNPD17	5
PNPD15.10	ERR1137905	PNPD15	15
PNPD15.11	ERR1137906	PNPD15	17
PNPD15.12	ERR1137907	PNPD15	18
PNPD15.13	ERR1137908	PNPD15	19
PNPD15.14	ERR1137910	PNPD15	19
PNPD9.7	ERR1137927	PNPD9	14
PNPD9.8	ERR1137931	PNPD9	17
PNPD9.9	ERR1137934	PNPD9	17
PNPD9.10	ERR1137936	PNPD9	18
PNPD19.2	ERR1137974	PNPD19	8
PNPD19.3	ERR1137975	PNPD19	11
PNPD19.4	ERR1137976	PNPD19	13
PNPD19.5	ERR1137977	PNPD19	14
PNPD19.6	ERR1137978	PNPD19	14
PNPD10.12	ERR1137777	PNPD10	14
PNPD10.13	ERR1137778	PNPD10	18
PNPD10.6	ERR1137771	PNPD10	8
PNPD10.7	ERR1137772	PNPD10	8
PNPD10.8	ERR1137773	PNPD10	10
PNPD10.9	ERR1137774	PNPD10	11
PNPD10.10	ERR1137775	PNPD10	12
PNPD10.11	ERR1137776	PNPD10	13
PNPD5.9	ERR1137979	PNPD5	13
PNPD5.10	ERR1137982	PNPD5	14
PNPD5.11	ERR1137986	PNPD5	15
PNPD5.12	ERR1137987	PNPD5	16
PNPD5.13	ERR1137989	PNPD5	17
PNPD5.14	ERR1137994	PNPD5	18
PNPD13.1	ERR1137943	PNPD13	0
PNPD13.2	ERR1137944	PNPD13	6
PNPD17.4	ERR1137911	PNPD17	7
PNPD17.5	ERR1137912	PNPD17	8
PNPD17.6	ERR1137913	PNPD17	9
PNPD17.7	ERR1137914	PNPD17	11
PNPD17.8	ERR1137915	PNPD17	12
PNPD17.9	ERR1137916	PNPD17	13
PNPD6.9	ERR1137981	PNPD6	9
PNPD6.10	ERR1137984	PNPD6	10
PNPD6.11	ERR1137985	PNPD6	10
PNPD6.12	ERR1137988	PNPD6	12
PNPD6.13	ERR1137990	PNPD6	12
PNPD6.14	ERR1137993	PNPD6	14
PNPD17.10	ERR1137917	PNPD17	14
PNPD17.11	ERR1137918	PNPD17	15
PNPD17.12	ERR1137919	PNPD17	16
PNPD17.13	ERR1137920	PNPD17	17
PNPD17.14	ERR1137921	PNPD17	18
PNPD17.15	ERR1137922	PNPD17	19
PNPD17.16	ERR1137923	PNPD17	20
PNPD4.8	ERR1137833	PNPD4	49
PNPD4.9	ERR1137834	PNPD4	50
PNPD4.10	ERR1137835	PNPD4	52
PNPD4.11	ERR1137836	PNPD4	53
PNPD4.12	ERR1137837	PNPD4	53
PNPD4.13	ERR1137838	PNPD4	55
PNPD13.3	ERR1137945	PNPD13	7
PNPD13.4	ERR1137946	PNPD13	8
PNPD13.5	ERR1137947	PNPD13	9
PNPD13.6	ERR1137948	PNPD13	10
PNPD13.7	ERR1137949	PNPD13	11
PNPD7.10	ERR1137795	PNPD7	27
PNPD7.11	ERR1137805	PNPD7	20
PNPD7.12	ERR1137806	PNPD7	21
PNPD7.13	ERR1137807	PNPD7	23
PNPD7.14	ERR1137808	PNPD7	23
PNPD7.15	ERR1137809	PNPD7	24
PNPD7.16	ERR1137810	PNPD7	25
PNPD18.1	ERR1137950	PNPD18	0
PNPD5.3	ERR1137926	PNPD5	6
PNPD5.4	ERR1137930	PNPD5	8
PNPD5.5	ERR1137933	PNPD5	9
PNPD5.6	ERR1137937	PNPD5	10
PNPD5.7	ERR1137939	PNPD5	11
PNPD5.8	ERR1137941	PNPD5	12
PNPD2.1	ERR1137779	PNPD2	0
PNPD2.2	ERR1137780	PNPD2	0
PNPD2.3	ERR1137781	PNPD2	4
PNPD4.1	ERR1137826	PNPD4	0
PNPD4.2	ERR1137827	PNPD4	0
PNPD18.2	ERR1137951	PNPD18	8
PNPD18.3	ERR1137952	PNPD18	10
PNPD18.4	ERR1137953	PNPD18	11
PNPD18.5	ERR1137954	PNPD18	13
PNPD2.11	ERR1137789	PNPD2	48
PNPD2.12	ERR1137790	PNPD2	49
PNPD2.13	ERR1137791	PNPD2	50
PNPD2.14	ERR1137792	PNPD2	51
PNPD2.15	ERR1137793	PNPD2	52
PNPD2.16	ERR1137794	PNPD2	53
PNPD3.11	ERR1137752	PNPD3	13
PNPD3.12	ERR1137753	PNPD3	14
PNPD3.13	ERR1137755	PNPD3	15
PNPD3.14	ERR1137757	PNPD3	16
PNPD3.15	ERR1137758	PNPD3	17
PNPD3.16	ERR1137760	PNPD3	18
PNPD3.17	ERR1137761	PNPD3	18
PNPD3.18	ERR1137762	PNPD3	20
PNPD3.19	ERR1137763	PNPD3	21
PNPD3.20	ERR1137764	PNPD3	22
PNPD3.21	ERR1137765	PNPD3	23
PNPD12.1	ERR1137811	PNPD12	0
PNPD12.2	ERR1137812	PNPD12	5
PNPD11.1	ERR1137847	PNPD11	0
PNPD2.4	ERR1137782	PNPD2	6
PNPD2.5	ERR1137783	PNPD2	7
PNPD2.6	ERR1137784	PNPD2	8
PNPD2.7	ERR1137785	PNPD2	9
PNPD2.8	ERR1137786	PNPD2	10
PNPD2.9	ERR1137787	PNPD2	12
PNPD2.10	ERR1137788	PNPD2	18
PNPD4.3	ERR1137828	PNPD4	9
PNPD4.4	ERR1137829	PNPD4	10
PNPD4.5	ERR1137830	PNPD4	11
PNPD4.6	ERR1137831	PNPD4	12
PNPD4.7	ERR1137832	PNPD4	13
PNPD5.1	ERR1137967	PNPD5	0
PNPD5.2	ERR1137971	PNPD5	4
PNPD8.1	ERR1137859	PNPD8	0
PNPD8.2	ERR1137866	PNPD8	5
PNPD14.1	ERR1137851	PNPD14	0
PNPD14.2	ERR1137852	PNPD14	1
PNPD14.3	ERR1137853	PNPD14	1
PNPD14.4	ERR1137854	PNPD14	2
PNPD14.5	ERR1137855	PNPD14	4
PNPD14.6	ERR1137856	PNPD14	4
PNPD12.3	ERR1137813	PNPD12	7
PNPD12.4	ERR1137814	PNPD12	9
PNPD12.5	ERR1137815	PNPD12	10
PNPD12.6	ERR1137816	PNPD12	11
PNPD12.7	ERR1137817	PNPD12	11
PNPD12.8	ERR1137818	PNPD12	12
PNPD16.1	ERR1137858	PNPD16	0
PNPD16.2	ERR1137865	PNPD16	5
PNPD11.2	ERR1137839	PNPD11	10
PNPD11.3	ERR1137840	PNPD11	11
PNPD11.4	ERR1137841	PNPD11	12
PNPD11.5	ERR1137848	PNPD11	6
PNPD11.6	ERR1137849	PNPD11	8
PNPD11.7	ERR1137850	PNPD11	8
PNPD6.2	ERR1137928	PNPD6	1
PNPD6.3	ERR1137929	PNPD6	3
PNPD6.4	ERR1137932	PNPD6	4
PNPD6.5	ERR1137935	PNPD6	4
PNPD6.6	ERR1137938	PNPD6	6
PNPD6.7	ERR1137940	PNPD6	6
PNPD6.8	ERR1137942	PNPD6	7
PNPD14.7	ERR1137857	PNPD14	5
PNPD14.8	ERR1137860	PNPD14	7
PNPD14.9	ERR1137861	PNPD14	8
PNPD14.10	ERR1137862	PNPD14	9
PNPD14.11	ERR1137863	PNPD14	8
PNPD14.12	ERR1137864	PNPD14	11
PNPD7.1	ERR1137796	PNPD7	0
PNPD7.2	ERR1137797	PNPD7	5
PNPD3.1	ERR1137731	PNPD3	0
PNPD3.2	ERR1137733	PNPD3	1
PNPD3.3	ERR1137736	PNPD3	3
PNPD3.4	ERR1137737	PNPD3	4
PNPD3.5	ERR1137740	PNPD3	5
PNPD12.9	ERR1137819	PNPD12	14
PNPD12.10	ERR1137820	PNPD12	15
PNPD12.11	ERR1137821	PNPD12	16
PNPD12.12	ERR1137822	PNPD12	17
PNPD12.13	ERR1137823	PNPD12	18
PNPD12.14	ERR1137824	PNPD12	19
PNPD12.15	ERR1137825	PNPD12	20
PNPD16.3	ERR1137867	PNPD16	7
PNPD16.4	ERR1137870	PNPD16	8
PNPD16.5	ERR1137872	PNPD16	9
PNPD16.6	ERR1137873	PNPD16	10
PNPD16.7	ERR1137876	PNPD16	11
PNPD16.8	ERR1137878	PNPD16	12
PNPD16.9	ERR1137880	PNPD16	13
PNPD18.6	ERR1137955	PNPD18	13
PNPD18.7	ERR1137956	PNPD18	14
PNPD18.8	ERR1137957	PNPD18	15
PNPD18.9	ERR1137958	PNPD18	16
PNPD18.10	ERR1137959	PNPD18	18
PNPD18.11	ERR1137960	PNPD18	19
PNPD6.1	ERR1137972	PNPD6	0
PNPD11.8	ERR1137842	PNPD11	13
PNPD11.9	ERR1137843	PNPD11	16
PNPD11.10	ERR1137844	PNPD11	16
PNPD11.11	ERR1137845	PNPD11	17
PNPD11.12	ERR1137846	PNPD11	19
PNPD13.8	ERR1137961	PNPD13	77
PNPD13.9	ERR1137962	PNPD13	78
PNPD13.10	ERR1137963	PNPD13	79
PNPD13.11	ERR1137964	PNPD13	80
PNPD13.12	ERR1137965	PNPD13	81
PNPD8.3	ERR1137868	PNPD8	7
PNPD8.4	ERR1137869	PNPD8	8
PNPD8.5	ERR1137871	PNPD8	9
PNPD8.6	ERR1137874	PNPD8	10
PNPD8.7	ERR1137875	PNPD8	10
PNPD8.8	ERR1137877	PNPD8	11
PNPD8.9	ERR1137879	PNPD8	12
PNP_16S_E1	ERR1146158	PNP_16S_E1	0
PNP_16S_E4	ERR1146159	PNP_16S_E4	0
PNP_16S_E5	ERR1146160	PNP_16S_E5	0
PNP_16S_E6	ERR1146161	PNP_16S_E6	0
PNP_16S_E7	ERR1146162	PNP_16S_E7	0
PNP_16S_E8	ERR1146163	PNP_16S_E8	0
PNP_16S_E9	ERR1146164	PNP_16S_E9	0
PNP_16S_E10	ERR1146165	PNP_16S_E10	0
PNP_16S_E11	ERR1146166	PNP_16S_E11	0
PNP_16S_E12	ERR1146167	PNP_16S_E12	0
PNP_16S_E13	ERR1146168	PNP_16S_E13	0
PNP_16S_E15	ERR1146169	PNP_16S_E15	0
PNP_16S_Enew	ERR1146170	PNP_16S_Enew	0
