fc,p.val,auc,auc.ci.l,auc.ci.h,pr.shift,pr.n,pr.p,p.adj,cazyme_fam
0.34644823131578356,5.592429853985053e-26,0.6118838567098209,0.5921974070824639,0.6315703063371779,0.16067164256251748,0.45562872373784885,0.6163003663003663,9.095161719826224e-26,AA1
0.2485889799933822,2.9729645589344313e-17,0.5609942085718191,0.5420567126188377,0.5799317045248006,0.06392165376172904,0.39761680777673253,0.46153846153846156,4.483976248953911e-17,AA10
0,0.3982804237911509,0.5004692182490865,0.4966316035747561,0.5043068329234169,9.045517041754107e-4,0.01191596111633741,0.01282051282051282,0.4184233417759907,AA1_2
0.36553965483778506,5.957250134358708e-31,0.6275957762317123,0.6062635387953152,0.6489280136681093,0.19285042333019753,0.4738162433364691,0.6666666666666666,1.0158445191798245e-30,AA3
0.9109935641546295,8.528854560946723e-151,0.747590590135275,0.7304580595624798,0.7647231207080701,0.3972386190166058,0.36375039197240516,0.760989010989011,3.9772311575027064e-150,AA3_2
0.18935158645528707,2.497178600899188e-5,0.5764304551933903,0.5568255445281971,0.5960353658585835,0.13138398133694468,0.4894951395421762,0.6208791208791209,3.1438309107739086e-5,AA4
-0.46239517662012286,3.030132070525387e-65,0.3407441962239705,0.3197777443416256,0.3617106481063154,-0.26852005003463136,0.6284101599247413,0.3598901098901099,7.28826503279001e-65,AA6
-0.24803759451614038,6.209108676797468e-17,0.4120758513985231,0.39141633463129444,0.43273536816575175,-0.1532629333664141,0.6102226403261211,0.45695970695970695,9.303484148512927e-17,AA7
0.7474063757710513,1.5430214695993572e-91,0.6870763682852112,0.6688463403306127,0.7053063962398097,0.2861493320101034,0.40890561304484163,0.695054945054945,4.8298685726500427e-91,AA8
-0.6462711084127131,1.3982156543046082e-71,0.3462537775802122,0.3327473455617778,0.3597602095986466,-0.2965404773965451,0.44214487300094074,0.14560439560439561,3.6100822260859095e-71,CBM10
-0.5393084990588433,2.1942439290755042e-57,0.3332593898210079,0.3146073115316744,0.35191146811034135,-0.23937453264828618,0.6688617121354656,0.42948717948717946,4.9397511112685e-57,CBM12
-0.06622038818058262,0.013595644794141035,0.4664409881954567,0.44687646316352597,0.48600551322738744,-0.06303347013601002,0.5804327375352775,0.5173992673992674,0.01597226136483921,CBM13
-0.36303241405850173,3.899826364328697e-28,0.41545629033869863,0.40282287254783494,0.4280897081295623,-0.16192940017022803,0.292881781122609,0.13095238095238096,6.457321190210923e-28,CBM14
-0.7058041862126938,3.8026150445312265e-92,0.3086237087883372,0.2928987482132867,0.32434866936338774,-0.35548278939624195,0.5926622765757291,0.23717948717948717,1.1984793623108761e-91,CBM16
-0.6258223292658021,4.563149033119137e-137,0.25624542698860664,0.23922997985446542,0.27326087412274785,-0.3597875940303033,0.6857949200376293,0.326007326007326,1.8619277751209336e-136,CBM2
0.2939573501882509,1.3453160145635378e-12,0.6324599671260067,0.6114040992389472,0.6535158350130662,0.18112571028845725,0.5130134838507369,0.6941391941391941,1.9152941391138217e-12,CBM20
0.47951459216220643,2.2435141229249552e-39,0.5941335371015521,0.5788152530579573,0.609451821145147,0.18644016691994114,0.14048291000313579,0.3269230769230769,4.167829082019124e-39,CBM21
-0.5735435119947029,2.0130585115919028e-78,0.2793847210592272,0.2629049664417748,0.29586447567667956,-0.3648961574643606,0.6597679523361555,0.2948717948717949,5.575562059378785e-78,CBM22
-0.364653021870682,4.275347442120442e-43,0.363357558089449,0.3445350795480826,0.38218003663081535,-0.2064988163294842,0.6378174976481655,0.43131868131868134,8.175036740790971e-43,CBM23
-0.33494275952189095,3.5151302938773135e-22,0.3936436721008687,0.3744811470379881,0.4128061971637493,-0.14312936984620894,0.6999059266227657,0.5567765567765568,5.558527834954783e-22,CBM24
-0.3200069854763306,1.5065484815136997e-18,0.3957933464048234,0.37696109966982544,0.41462559313982134,-0.16231534223067617,0.6522420821574161,0.4899267399267399,2.3026510235844845e-18,CBM25
0.06642968308355376,4.4924609980532405e-8,0.5149835400305767,0.49624130323789417,0.5337257768232592,0.022649974672552364,0.6183756663530887,0.6410256410256411,6.038396106206856e-8,CBM26
0.020565034427906165,0.3097725801311032,0.5108536153926558,0.49051461604095326,0.5311926147443584,0.014480580567127976,0.5926622765757291,0.6071428571428571,0.3292234165579399,CBM27
0.17681003014770041,1.586728516954031e-9,0.5748671601211582,0.5545582656786733,0.5951760545636432,0.08653630784392785,0.5920351207275008,0.6785714285714286,2.1775823791230997e-9,CBM3
-0.07805136627244594,0.0018891596729717333,0.4667598785660874,0.4497770199531873,0.4837427371789875,0.028203922136189274,0.4782063342740671,0.5064102564102564,0.002265999922698378,CBM30
-0.5349723011853944,1.9092777807834872e-131,0.2819837996225579,0.2640331874610295,0.29993441178408625,-0.2931841598351476,0.6146127312637191,0.32142857142857145,7.457606374513279e-131,CBM32
-0.13071599034657427,6.605346749134253e-5,0.44722845357840657,0.42697885041185,0.4674780567449631,-0.12561294146430557,0.6265286923800565,0.5009157509157509,8.247659738673096e-5,CBM34
-0.6673276845754756,1.6363946929297246e-137,0.25323341339333816,0.2366659810914303,0.26980084569524604,-0.3753079783183264,0.6610222640326121,0.2857142857142857,6.798476133353492e-137,CBM35
-0.8092428316448509,1.3234194363788776e-112,0.2861066888583351,0.2709846469618955,0.30122873075477474,-0.3606335652431607,0.6371903417999373,0.2765567765567766,4.688392887016644e-112,CBM36
-0.05774548328781998,0.042584270912440846,0.4783114345673141,0.45940066807900704,0.4972222010556212,-0.02193839399860087,0.5732204452806522,0.5512820512820513,0.04902018087401881,CBM37
-0.8660035256167127,1.1872806049624263e-136,0.23792193747508894,0.22243830461315664,0.25340557033702127,-0.4131010099965885,0.6933207902163687,0.2802197802197802,4.8016569598922904e-136,CBM38
-0.03225640835588627,1.3141051054347228e-6,0.49534486105511505,0.47476982361102404,0.515919898499206,0.0073156695922453885,0.5751019128253371,0.5824175824175825,1.7012635500953776e-6,CBM4
-0.8846644020401138,2.2874462038409678e-208,0.22841782707728145,0.21147355900269668,0.24536209515186622,-0.40537527696511705,0.6782690498588899,0.27289377289377287,1.5372984046401798e-207,CBM40
0.2978278021492192,1.370559903720402e-25,0.6080775605705051,0.5890697620307908,0.6270853591102195,0.1522489739799242,0.519912198181248,0.6721611721611722,2.2210846666674603e-25,CBM41
-0.9674423053486204,2.4128921551281118e-186,0.21325165375024266,0.19801445147932245,0.22848885602116287,-0.4455494333198943,0.73126371903418,0.2857142857142857,1.4137073267865988e-185,CBM42
-0.43116728420644407,1.1450718760869379e-31,0.41019122510185535,0.3984178068654483,0.4219646433382624,-0.17673389639523224,0.2756349952963311,0.0989010989010989,1.9747088580065307e-31,CBM44
0.1928280128069574,8.652242044568576e-11,0.5496524224181797,0.5313647452444686,0.5679400995918907,0.06310324983890364,0.37096268422703044,0.4340659340659341,1.198204428596315e-10,CBM47
-0.09052757133933736,2.213224666102862e-5,0.4494108640392742,0.4294261609206966,0.46939556715785186,-0.09169914438023563,0.5678896205707118,0.47619047619047616,2.7940432939475357e-5,CBM48
-0.09569723468981657,5.001163342298642e-6,0.4783773376200469,0.45673875889742915,0.5000159163426647,-0.06097453816174414,0.594857322044528,0.5338827838827839,6.3841666129343e-6,CBM5
-0.1815229086040165,7.788375319204903e-35,0.39843894477008307,0.37962493330018654,0.4172529562399796,-0.1350056340649003,0.5434305424898087,0.4084249084249084,1.3957990277947612e-34,CBM50
-0.7477769336420618,5.577523767944773e-186,0.21833781876114897,0.2014813624408443,0.23519427508145363,-0.43392723613796047,0.6729382251489495,0.23901098901098902,3.1861604524384516e-185,CBM51
-0.2811984994217385,8.948903645869787e-29,0.4107902393415094,0.39035692798021204,0.4312235507028067,-0.13009434905013462,0.5998745688303544,0.4697802197802198,1.492572615387771e-28,CBM54
-0.5624284253932786,3.380483926995273e-50,0.3676953860396946,0.3528475835300953,0.38254318854929387,-0.2562336534584888,0.4531201003449357,0.19688644688644688,6.958924119985765e-50,CBM56
-0.5505457440229575,1.0432925720064306e-115,0.30497420161107835,0.28632094865887797,0.32362745456327874,-0.26920837080761817,0.6428347444339918,0.37362637362637363,3.7542102787947933e-115,CBM57
-1.7935938639242994,0,0.07707354838116832,0.06613525237262549,0.08801184438971116,-0.7255288612297079,0.8601442458450925,0.1346153846153846,0,CBM58
0.13724103113349465,0.9276545158377414,0.5620318585981803,0.5403821630164402,0.5836815541799204,0.1267164945433995,0.4813421135152085,0.608058608058608,0.9337843914930568,CBM6
-0.34976592067581214,6.363724881838045e-49,0.36972244333486104,0.3502038960006298,0.3892409906690923,-0.19346982587810435,0.5954844778927564,0.40201465201465203,1.2983135138392799e-48,CBM61
-0.7677116507920937,9.444920617685037e-195,0.2104110742398607,0.19483992652563425,0.22598222195408713,-0.4214702669547449,0.6751332706177485,0.25366300366300365,5.679379897739556e-194,CBM62
0.5007738333605302,2.495840665165975e-45,0.5981846365195377,0.5831218937240241,0.6132473793150512,0.19785388647100785,0.12449043587331451,0.32234432234432236,4.959126886873264e-45,CBM63
-0.6076931143575477,5.337050260431078e-58,0.2848915744023928,0.26927938202585966,0.300503766778926,-0.3168446479829358,0.7124490435873314,0.3956043956043956,1.2256442055361822e-57,CBM65
-0.5929967334879295,1.6388428950589222e-112,0.29167169195391207,0.2732897033444482,0.31005368056337596,-0.31661377192891776,0.6462841015992474,0.32967032967032966,5.761163100322518e-112,CBM66
-0.28619280925549306,2.249485038599421e-45,0.358667960032024,0.33939118514359673,0.3779447349204513,-0.22224921519371194,0.5757290686735654,0.3534798534798535,4.489146998427666e-45,CBM67
0.03402978763540722,0.47177589968222555,0.507373675765021,0.48774420297388676,0.5270031485561553,-0.040472227678248374,0.5239887111947319,0.4835164835164835,0.4900036048972206,CBM68
0.25123990765002935,6.888129384859601e-42,0.5690309350939643,0.5568757547991716,0.581186115388757,0.137606435583858,0.04829100031357792,0.1858974358974359,1.3007748466449743e-41,CBM69
0,0.38569008616123046,0.5060296267963248,0.49653160520351153,0.515527648389138,0.012678368981285257,0.07431796801505174,0.08699633699633699,0.40706782765746496,CBM70
-0.5127528680873821,1.2841201953967247e-44,0.38583925742909747,0.36478874742729245,0.4068897674309025,-0.18555026033859523,0.6306052053935403,0.44505494505494503,2.518639181529198e-44,CBM71
0.45554985015179494,1.4679044492346265e-117,0.5985913976271455,0.586419247149422,0.6107635481048691,0.19721380845557704,0.01066164941988084,0.2078754578754579,5.3240661373033674e-117,CBM72
0.5124393507638358,3.664406192762935e-60,0.597673780176132,0.583564084251801,0.6117834761004631,0.1941607310845317,0.07964879272499216,0.27380952380952384,8.587864769705955e-60,CBM73
0.1646937972097955,1.1432142364796657e-10,0.5674054700395246,0.5475328394386789,0.5872781006403702,0.07283881060927166,0.6020696142991533,0.674908424908425,1.5783954866199613e-10,CBM74
0.5450225343693814,3.4295329972088376e-56,0.6210837218598273,0.6055737610972391,0.6365936826224154,0.2487224284025789,0.12856694888679837,0.3772893772893773,7.535079710213648e-56,CBM75
0.0812458714444833,0.05219048287950374,0.5161110709088131,0.498465417027954,0.5337567247896723,0.08809127529729599,0.4760112888052681,0.5641025641025641,0.05918374857551664,CBM76
0.014837295783383915,0.009724139387292356,0.51550487768738,0.49421833511215685,0.5367914202626031,-1.0337733762022516e-5,0.5751019128253371,0.575091575091575,0.011483027648559706,CBM77
-0.20240741397566944,4.029011387775815e-9,0.4148146329472764,0.39711504451673196,0.4325142213778208,-0.06837290962408549,0.6205707118218877,0.5521978021978022,5.5127491144118195e-9,CBM78
0.1309641321874297,0.008240473467909485,0.47782527392122875,0.45976735583877326,0.49588319200368425,0.03171013683713597,0.6450297899027908,0.6767399267399268,0.009807021809465195,CBM79
0.3724852592741968,1.562203633874968e-29,0.5651749604007366,0.5523758049092189,0.5779741158922542,0.13143739296138168,0.07369081216682345,0.20512820512820512,2.624731840738457e-29,CBM80
-0.0314895463293233,0.08978569867606741,0.48288344090319635,0.46298381627096424,0.5027830655354285,-0.036896233274408274,0.6422075885857635,0.6053113553113553,0.09959238906544371,CBM82
-0.040524933086237856,8.874841102566007e-4,0.4974396879382768,0.4769360254893185,0.5179433503872352,-0.00913769516779861,0.6199435559736595,0.6108058608058609,0.0010758096508946063,CBM83
0,0.0017750390641176215,0.5169122452753685,0.5075633357139738,0.5262611548367632,0.03424029717538655,0.055503292568203196,0.08974358974358974,0.0021347180323730347,CBM85
-0.5671018983260091,1.6035380079443622e-55,0.3405594092329746,0.3227223531847491,0.3583964652812001,-0.1889832494253943,0.6679209783631233,0.47893772893772896,3.47306573284632e-55,CBM86
-0.4499877066304012,1.9165878130115272e-90,0.3235176551263099,0.30462319878897104,0.3424121114636488,-0.24716918390483777,0.6290373157729696,0.38186813186813184,5.918112368555864e-90,CBM9
-0.10698546281446879,1.5515596746678613e-11,0.45342247905747435,0.4328085837638046,0.4740363743511441,-0.04469863783128131,0.5337096268422703,0.489010989010989,2.1683876798875004e-11,CE1
0.21684016234215328,5.60782770776367e-4,0.604260639538156,0.5843673971385153,0.6241538819377968,0.18120065885823178,0.5101912825337096,0.6913919413919414,6.852345621518709e-4,CE11
-0.19045062539099522,4.894781913020224e-25,0.4472743990617932,0.4255106670664634,0.46903813105712305,-0.07175248708644755,0.5754154907494512,0.50366300366300365,7.904294467315343e-25,CE12
0.20031354336597063,5.211064190964612e-8,0.5610364209846807,0.5405172620147055,0.5815555799546558,0.09400445900916277,0.517717152712449,0.6117216117216118,6.98374291868278e-8,CE13
0.12400479935218828,0.006522760802288786,0.5448992185821914,0.5243885947367362,0.5654098424276466,0.06506397334243064,0.51552210724365,0.5805860805860806,0.007783033124402024,CE14
-0.9583556097193451,6.289653790619357e-271,0.16957185701306116,0.15524470835686488,0.18389900566925743,-0.5080729085903122,0.7177798682972719,0.2097069597069597,5.866064861863359e-270,CE15
-0.31742049729821753,1.8954562778454631e-31,0.3684826331815984,0.34993632192066393,0.3870289444425329,-0.1937420528671705,0.6287237378488555,0.434981684981685,3.2564793946442733e-31,CE17
0.013384107473669459,0.7449451674694194,0.5046347506366321,0.4850250376188348,0.5242444636544293,0.020011268129800586,0.5798055816870492,0.5998168498168498,0.7582181325913689,CE2
0.063237922549009,0.019058973576015322,0.5346183423558776,0.5130016074202214,0.5562350772915338,-0.037409674051254393,0.6500470366886171,0.6126373626373627,0.02221926256183419,CE3
-0.5722683153305378,5.428684945543173e-180,0.2271582029343083,0.21100799147184557,0.24330841439677103,-0.43888073356558777,0.6870492317340859,0.24816849816849818,2.989047012184615e-179,CE4
-0.19721961642655775,3.2545396792631626e-34,0.42496241085140424,0.4172217070306511,0.4327031146721574,-0.14860836874007147,0.17058639071809345,0.02197802197802198,5.787255382969904e-34,CE5
0.5881534184534386,2.0752029171849714e-55,0.7019568181374389,0.6823819192128903,0.7215317170619876,0.29415504533096254,0.4292881781122609,0.7234432234432234,4.4734327035543956e-55,CE6
0.18784229046630194,1.8437341753777697e-7,0.5692036613955711,0.5481391167883624,0.5902682060027798,0.08044049083559901,0.48824082784571965,0.5686813186813187,2.4422797627467847e-7,CE7
-0.07970779788191026,7.020325332809438e-8,0.47946753779303164,0.45883368972896527,0.500101385857098,-0.020661683878993364,0.5481342113515209,0.5274725274725275,9.380961044134249e-8,CE8
-0.48698907053305357,4.9562767686559106e-104,0.2902353212795358,0.27088522028617074,0.3095854222729008,-0.34778548513261587,0.6591407964879272,0.31135531135531136,1.629509700198382e-103,CE9
-0.16969400824982145,5.474559031499114e-7,0.4410892755201316,0.42037139030137793,0.4618071607388853,-0.12120045210355651,0.5983066792097836,0.47710622710622713,7.148209935414556e-7,GH1
0.13893685492808264,0.34015972197426136,0.5615982480987185,0.5388940289755507,0.5843024672218863,0.11223935988752548,0.47475697710881154,0.586996336996337,0.3598448910699941,GH10
-1.066326359943626,8.312421933665068e-287,0.18909954893021685,0.17123431812196946,0.20696477973846425,-0.5006969355511218,0.715898400752587,0.21520146520146521,8.834364706244037e-286,GH101
-0.08861033956000189,3.1611764490491775e-8,0.46522788385441255,0.44430836957951503,0.48614739812931007,-0.05069280045761704,0.5525243022891189,0.5018315018315018,4.261526953437977e-8,GH102
0.6629812423615612,1.7438811672826035e-85,0.7100509765138175,0.6902603036307345,0.7298416493969005,0.29190744971553995,0.4104735026654124,0.7023809523809523,5.175023983429544e-85,GH103
0.7197393714124092,2.0970701564662765e-85,0.6921776091578536,0.6738914298328029,0.7104637884829044,0.2931669302788776,0.4550015678896206,0.7481684981684982,6.14334013785313e-85,GH104
-0.4839410145860179,1.4243586547726153e-94,0.31488392447940894,0.2967736389506262,0.3329942100081917,-0.23371290045796161,0.5936030103480715,0.3598901098901099,4.520360452993647e-94,GH105
-0.4296573912234708,2.4836821123041634e-77,0.32287786427015025,0.3047440048188444,0.3410117237214561,-0.2706814978687038,0.594857322044528,0.3241758241758242,6.7162291439230924e-77,GH106
-0.5525703416993415,7.631228374266944e-90,0.2894677445477069,0.2715204980470741,0.3074149910483397,-0.3174795571314856,0.6444026340545626,0.3269230769230769,2.3405848100939555e-89,GH108
-0.542839443083224,1.2686437731323906e-115,0.2670210786391407,0.2509522415972682,0.2830899156810132,-0.36193784265280027,0.6403261210410787,0.2783882783882784,4.529454721261738e-115,GH109
-0.38214381482350346,7.5577465926448065e-25,0.3876938755819283,0.36897916959176275,0.40640858157209386,-0.16422179263195263,0.6550642834744435,0.4908424908424908,1.211891295732869e-24,GH11
-0.6731651144313348,1.4815512681787831e-154,0.2632670454871772,0.24535038264873793,0.2811837083256165,-0.34679478564709043,0.6563185951709,0.30952380952380953,7.202860952741531e-154,GH110
-0.2826237168356907,5.033128162952212e-18,0.41160476661417394,0.3919499242515201,0.4312596089768278,-0.13912349801343216,0.5145813734713076,0.37545787545787546,7.641659702555353e-18,GH111
-0.4277188661135393,2.5085988187696818e-46,0.34136201939588584,0.32225573677024355,0.36046830202152813,-0.26634998742242394,0.6271558482282847,0.3608058608058608,5.07269761140595e-46,GH112
-0.5424091035833662,9.932410409764514e-101,0.3002379401720888,0.281896427457928,0.31857945288624967,-0.30015523830199276,0.6472248353715898,0.34706959706959706,3.1742038861974703e-100,GH113
0.05312751963294793,0.04508453343195027,0.5413176245725635,0.5188661530603886,0.5637690960847384,0.07314205079962377,0.5101912825337096,0.5833333333333334,0.051509079446003185,GH115
-1.0765174160835496,0,0.1343517724044535,0.12098804098775219,0.1477155038211548,-0.5677354160420953,0.711508309814989,0.14377289377289376,0,GH116
-1.313457717398108,0,0.09041870119010288,0.07965493011403489,0.10118247226617087,-0.6615003842191048,0.7594857322044528,0.09798534798534798,0,GH117
0.41771800616056587,1.6414303868693226e-136,0.6427780304779364,0.629222941079638,0.6563331198762347,0.2858529836422593,0.006271558482282847,0.29212454212454214,6.5801200596428115e-136,GH119
-0.911200763013442,3.2798630595037053e-214,0.21543449495001707,0.1982928163854557,0.23257617351457843,-0.4619993521686842,0.6955158356851677,0.23351648351648352,2.3059960279895283e-213,GH120
-0.6496435664426212,1.3195956087929003e-71,0.3394196740857136,0.31841093348011695,0.36042841469131026,-0.256740202412827,0.6331138287864534,0.37637362637362637,3.4264499614679286e-71,GH121
-0.4894786352680471,3.302449332153659e-87,0.31193738319796643,0.29290546888921765,0.3309692975067152,-0.2905368385142609,0.6183756663530887,0.32783882783882784,9.994830097974981e-87,GH123
-0.41772800770046487,1.0926005176402367e-72,0.3376130115311677,0.3191246634135985,0.35610135964873685,-0.2128918431834706,0.5682031984948259,0.3553113553113553,2.869646187135564e-72,GH125
-0.5291831475991354,5.2753653151820836e-52,0.3380510729993326,0.3209297172204287,0.35517242877823657,-0.24214073790743595,0.6121041078708059,0.36996336996337,1.0908787099720419e-51,GH126
-0.37140895431426135,3.526849688436631e-70,0.3536891925885341,0.33353639787957207,0.3738419872974961,-0.1871620853276545,0.5763562245217937,0.3891941391941392,8.954279486753001e-70,GH127
-0.17463117185015212,8.097610662291785e-12,0.4553379749757925,0.4348628564476434,0.4758130935039416,-0.06305586855916112,0.6042646597679523,0.5412087912087912,1.1386486377437986e-11,GH128
-0.5608177436665387,8.418746431086369e-60,0.3126100537906747,0.29364132543125365,0.33157878215009573,-0.35971522989396937,0.6600815302602697,0.30036630036630035,1.9629424076563626e-59,GH129
0.3093064132816172,2.820568238808882e-57,0.641211433074086,0.6230314720247301,0.6593913941234419,0.17731539391934503,0.5415490749451238,0.7188644688644689,6.318625907527741e-57,GH13
-0.6768185841384392,2.311468956539745e-200,0.19220374065152993,0.17700075150315447,0.20740672979990538,-0.4758243481197385,0.6873628096582001,0.21153846153846154,1.467140712692588e-199,GH130
0,0.20518348580360235,0.4943699553295038,0.4896119376209483,0.4991279730380593,-0.011424918762642188,0.027908435246158672,0.016483516483516484,0.22220107348873522,GH132
0.10766468069853621,0.6947754422082049,0.5792701732259588,0.556310693501569,0.6022296529503485,0.09148463640467408,0.5321417372216996,0.6236263736263736,0.7119111593927121,GH133
0,0.4220740334186045,0.5020819047159593,0.4976126614410038,0.5065511479909147,0.004204011729881909,0.014111006585136407,0.018315018315018316,0.4424032873217942,GH135
-0.6991652568099861,1.618686105326163e-148,0.24694735336786136,0.2288633108666342,0.2650313958690885,-0.39327065220762303,0.6707431796801505,0.2774725274725275,7.397395501340566e-148,GH136
-0.6209860074571212,2.657002836530671e-130,0.2757745547021182,0.25802836452754596,0.29352074487669044,-0.3063931991495491,0.6177485105048605,0.31135531135531136,1.0290256748258616e-129,GH137
-0.6856192862135382,1.0227234487708117e-163,0.26126611968568697,0.2432383249472316,0.27929391442414236,-0.3206291200176431,0.636563185951709,0.3159340659340659,5.136094682288582e-163,GH138
-1.2973677434938564,0,0.10331918786763565,0.09110669277907454,0.11553168295619676,-0.6689874878962367,0.7770460959548448,0.10805860805860806,0,GH139
0.4262693984021594,2.455877370704892e-43,0.6118292964482993,0.5936066756088183,0.6300519172877803,0.18583368653923682,0.3242395735340232,0.51007326007326,4.715697304252671e-43,GH13_10
0.3446552537422236,3.369076897847681e-42,0.6243146943993604,0.60446891402093506,0.6441604747777857,0.16033566621525225,0.4797742238946378,0.6401098901098901,6.415283926318292e-42,GH13_11
-0.1117401430518672,0.014206284947017226,0.47632501030901786,0.45528713882644867,0.49736288179158705,-0.03407317047956748,0.5359046723110693,0.5018315018315018,0.016646851848171468,GH13_12
0.5684430831912417,5.212365458494015e-69,0.6528288921280455,0.6327186688779806,0.6729391153781105,0.22774113625477688,0.40137974286610223,0.6291208791208791,1.280672588457938e-68,GH13_13
0.26296722682789936,5.740454168397029e-19,0.6308010480164761,0.6096062904490409,0.6519958055839112,0.1732199283939641,0.48886798369394796,0.6620879120879121,8.832954730496438e-19,GH13_14
0.6522313042367881,7.028370408484913e-70,0.6730360028807818,0.6552284299652738,0.6908435757962899,0.33072994738093514,0.385387268736281,0.7161172161172161,1.764816086086596e-69,GH13_16
0.004293855189068096,0.023993031304853564,0.5017663166769469,0.48135183031878176,0.5221808030351122,-0.020989045448123522,0.5374725619316401,0.5164835164835165,0.027829480472888524,GH13_18
0.4570289866037922,9.587556129297526e-54,0.6626539030113819,0.6435126216456835,0.6817951843770804,0.18569326565563637,0.5249294449670743,0.7106227106227107,2.0191304843727972e-53,GH13_19
-0.019782924612522342,0.18882438104059845,0.4644696397988966,0.4460912420024553,0.4828480375953379,-0.011474022998011701,0.5929758544998432,0.5815018315018315,0.20545890984655593,GH13_2
0.13584492217608707,2.255903597428856e-6,0.5602704236288432,0.5394395900340608,0.5811012572236255,0.03748548409884256,0.576983380370022,0.6144688644688645,2.8878093670167703e-6,GH13_20
1.0536819507012223,2.9952038247526233e-210,0.8000939297975986,0.7856575741854163,0.814530285409781,0.48006109600653346,0.3944810285355911,0.8745421245421245,2.042997235689476e-209,GH13_21
0.062374294879634445,1.0827161085003398e-6,0.5141298155173979,0.5037938567063102,0.5244657743284856,0.026603296358705578,0.07870805895264973,0.10531135531135531,1.4056854022291344e-6,GH13_23
0.0502599222347316,0.6902248937137576,0.507915832468984,0.4955647313586798,0.5202669335792881,0.02158001922818481,0.1414236437754782,0.163003663003663,0.7088376998363758,GH13_25
0.4503949838167243,5.796849114505243e-50,0.6049690614601245,0.5885692877019063,0.6213688352183427,0.19350773090189835,0.18469739730322984,0.3782051282051282,1.1879641458873973e-49,GH13_26
0.4460338378355471,7.287764036748286e-64,0.7137884980076891,0.6968361098793237,0.7307408861360545,0.28247943652459173,0.5700846660395108,0.8525641025641025,1.7346396691635245e-63,GH13_28
0.4291105566590909,8.6670827245654e-55,0.6541999340682314,0.6352613198410668,0.673138548295396,0.18427010430773366,0.47507055503292567,0.6593406593406593,1.8595571855053465e-54,GH13_29
-0.5160322915580475,3.872299375510776e-38,0.37872057909687257,0.3576571637626172,0.39978399443112794,-0.23473461314477312,0.6550642834744435,0.42032967032967034,7.106991223327007e-38,GH13_3
-0.44666490081371746,5.46517401693378e-32,0.39365372267535953,0.3721578977372469,0.41514954761347217,-0.19960010199897305,0.6309187833176544,0.43131868131868134,9.496519109272766e-32,GH13_30
-0.29537250002988635,1.4339869122888982e-16,0.3881465821729227,0.36853682425308903,0.40775634009275635,-0.2277997167460949,0.6353088742552524,0.4075091575091575,2.1416079049543349e-16,GH13_31
-0.46689686795586827,3.0777907284272326e-32,0.3931305184832936,0.37260527978783975,0.4136557571787475,-0.19120844661766578,0.6252743806835999,0.4340659340659341,5.389081850158028e-32,GH13_32
0.059338545251692326,0.06601574744822127,0.526422242438235,0.5098616160514297,0.5429828688250403,0.07809985561631844,0.3120100344935717,0.3901098901098901,0.07412579013227794,GH13_33
-0.15081841803247403,2.6208281959229068e-8,0.43536705272359083,0.415243494556242,0.4554906108909397,-0.11114700602000693,0.6450297899027908,0.5338827838827839,3.543545815197539e-8,GH13_36
1.4966252478392705,0,0.8221453209694037,0.8069259949148133,0.8373646470239942,0.5659883390363165,0.1473816243336469,0.7133699633699634,0,GH13_37
0.29219278939492677,4.5454312212154953e-7,0.6462743381840278,0.6251161536130907,0.6674325227549649,0.19789782183949634,0.5136406396989652,0.7115384615384616,5.986346017566229e-7,GH13_38
-0.21054549625454996,7.771445438217892e-9,0.4247533589019948,0.40347144955635617,0.4460352682476334,-0.18375494057526048,0.6434619002822202,0.4597069597069597,1.0601643478404706e-08,GH13_39
-0.42398382557283215,2.30819481797971e-43,0.34971289816068746,0.3312899202755248,0.36813587604585013,-0.24345363009521048,0.6500470366886171,0.4065934065934066,4.450822919057922e-43,GH13_4
0,0.44964011137762383,0.49410117425169164,0.487738799111847,0.5004635493915364,-0.012163205248812023,0.04421448730009407,0.03205128205128205,0.4691450477159226,GH13_40
0.04901038021923093,0.955461638836991,0.5252840866669652,0.505016542903946,0.5455516304299844,0.03422479057474359,0.5848228284728755,0.6190476190476191,0.9575569494484757,GH13_41
0.6665894336787718,2.5859569978302723e-106,0.7831338725035808,0.766494261008161,0.7997734839990006,0.31940668300028596,0.5359046723110693,0.8553113553113553,8.62614852560901e-106,GH13_42
-0.6204426744395927,2.6198100703138095e-111,0.28452472843347726,0.26563983306905675,0.30340962379789777,-0.340362130813683,0.6324866729382251,0.29212454212454214,9.070100016162203e-111,GH13_5
1.1638016985424837,1.216214935651476e-244,0.8346002800377212,0.821650793240295,0.8475497668351475,0.4948070117402196,0.4484164314832236,0.9432234432234432,9.925182599870082e-244,GH13_6
0.20084258982260078,3.7154111524609525e-4,0.611339977050231,0.5900520960148334,0.6326278580856286,0.12106864599809097,0.5675760426465977,0.6886446886446886,4.601471264700963e-4,GH13_8
-0.18062527161361977,7.64551835633316e-6,0.4090885335005749,0.39013017920495063,0.42804688779619915,-0.1495447951233464,0.654123549702101,0.5045787545787546,9.732595790652519e-6,GH13_9
0.2877251595842935,1.9568165341109736e-14,0.5913366058003875,0.5718321528496574,0.6108410587511176,0.11745819248171085,0.5885857635622452,0.7060439560439561,2.866234474643317e-14,GH14
-0.8725823434569873,2.311424142950279e-240,0.18501499545714034,0.1699751749801409,0.2000548159341398,-0.4768563985403119,0.6572593289432423,0.1804029304029304,1.821242816083237e-239,GH140
-0.7955504745131053,6.343864673025992e-200,0.20545556669733528,0.19007988007030244,0.22083125332436812,-0.46472420649278595,0.6716839134524929,0.20695970695970695,3.9177650750984845e-199,GH141
-0.5968755164058561,1.3261406466328715e-123,0.2904453782863943,0.27222829223623873,0.3086624643365498,-0.28013621687187074,0.6290373157729696,0.3489010989010989,4.927205491961156e-123,GH142
-0.5994588263431636,2.5531683517880485e-125,0.2868768500236045,0.26868416883476726,0.3050695312124418,-0.2827447716911498,0.6353088742552524,0.3525641025641026,9.642958155100315e-125,GH143
-1.069958618301214,0,0.14575357484576676,0.1320722484453195,0.159434901246214,-0.5586166733861937,0.7014738162433365,0.14285714285714285,0,GH144
-1.629746301017929,0,0.07876520364761193,0.0667874795534861,0.09074292774173776,-0.7366927522148595,0.8667293822514895,0.13003663003663005,0,GH145
-0.4086959398449913,7.408863047898647e-71,0.36648802488407384,0.34604356439098594,0.38693248537716174,-0.16889444829237865,0.6011288805268109,0.43223443223443225,1.90216315330881e-70,GH146
-0.9855920484528072,1.0707574972860454e-287,0.16788063248552432,0.1532966306145429,0.18246463435650573,-0.5125767145992921,0.7149576669802445,0.20238095238095238,1.1650861339517208e-286,GH147
-0.017356590619483896,0.1531134897373354,0.49753717851083795,0.47610858054339467,0.5189657764782812,-0.043464140124535255,0.579178425838821,0.5357142857142857,0.16780063503588077,GH148
0.7889891089503474,2.37383367237673e-146,0.7027783808122472,0.686068534134177,0.7194882274903174,0.3626192716032791,0.17309501411100658,0.5357142857142857,1.04311729641939e-145,GH149
-1.3989477904823842,0,0.08263510556549127,0.07193472384879096,0.09333548728219157,-0.7069803824272309,0.8168704923173409,0.10989010989010989,0,GH15
-0.4469127840312737,1.674000868574489e-54,0.3646569537914787,0.35321741296710785,0.3760964946158496,-0.27053504664040884,0.33646911257447476,0.06593406593406594,3.558225102039728e-54,GH150
-0.23186465242919208,3.51350936783465e-24,0.4319617745064594,0.4106291356978537,0.4532944133150651,-0.10469195276344856,0.5973659454374413,0.4926739926739927,5.594682164113015e-24,GH151
0.5632232026242269,1.3951720444568517e-54,0.6723812797425215,0.6527497762762244,0.6920127832088185,0.2668711814995916,0.4336782690498589,0.7005494505494505,2.9794094594242115e-54,GH153
-0.45576564286691196,5.379169396200814e-78,0.3368757301024469,0.3177825756926933,0.35596888451220055,-0.20292971374815216,0.5838820947005331,0.38095238095238093,1.4808918157010675e-77,GH154
-0.31960796173957307,2.461976091268148e-20,0.3960025419338684,0.3755837376932193,0.41642134617451754,-0.1937007019321224,0.6616494198808404,0.46794871794871795,3.8531612113340533e-20,GH156
-0.18010717718200026,5.488437528357443e-21,0.44542739062964837,0.4363358094999108,0.45451897175938594,-0.10620901519302273,0.16023831922232676,0.05402930402930403,8.649020518825349e-21,GH157
-1.2946077939273453,1.95900576e-316,0.16207987162831944,0.14823005511224274,0.17592968814439613,-0.5493902460036044,0.7563499529633114,0.20695970695970695,2.48684898e-315,GH158
-1.1060963600687124,0,0.1321119300893525,0.11826706883426791,0.14595679134443706,-0.6131516648920224,0.7779868297271872,0.16483516483516483,0,GH159
-0.3270345580933708,1.1175384505049716e-74,0.36092589338120856,0.3410300491355809,0.38082173762683624,-0.1735757187309398,0.5820006271558482,0.4084249084249084,2.9692736737254184e-74,GH16
-0.5673811297780629,1.0705771977058602e-103,0.28781916317193834,0.26994583433175856,0.3056924920121181,-0.31337806126141027,0.6393853872687363,0.326007326007326,3.494669852511272e-103,GH161
-0.14731473639865328,3.583615436979271e-17,0.4520232955087141,0.4314143341487313,0.4726322568686969,-0.06464012625818838,0.5719661335841957,0.5073260073260073,5.3872113641431806e-17,GH163
-1.4262714151250282,0,0.14254184197740172,0.12887954304434077,0.15620414091046267,-0.5736296472420649,0.7265600501724678,0.15293040293040294,0,GH164
-0.5500270169421984,3.077425484802662e-76,0.31481127318380375,0.29515495697644045,0.33446758939116705,-0.2829722018339139,0.6208842897460018,0.33791208791208793,8.22446459973577e-76,GH165
-0.25540619095977835,3.609340426125911e-30,0.393533977259283,0.3742027855821071,0.4128651689364589,-0.14592055796195025,0.6440890561304484,0.4981684981684982,6.131853437693463e-30,GH166
-0.26454480201356195,2.0154587808737902e-12,0.42471602819674314,0.4060309327014017,0.44340112369208456,-0.11605829103477272,0.5885857635622452,0.4725274725274725,2.8604492635382675e-12,GH167
-0.236252915987786,6.77209078670742e-29,0.43912079871628323,0.42913478202865435,0.4491068154039121,-0.11124866040200002,0.18908748824082786,0.07783882783882784,1.1336430364561505e-28,GH16_12
-0.17398918692468993,3.8475298509759596e-11,0.4763945028526402,0.4635088969623335,0.48928010874294686,-0.0266584309387696,0.21072436500470368,0.18406593406593408,5.3607351887073586e-11,GH16_14
0,1.961766172247683e-6,0.4880382369799115,0.47954279436154285,0.49653367959828015,-0.020852070475776974,0.08403888366259016,0.06318681318681318,2.5183346649359304e-6,GH16_15
-0.23939872229425288,1.688786640647808e-27,0.44125841233084884,0.43125567335655407,0.4512611513051436,-0.10751070816922181,0.18626528692380057,0.07875457875457875,2.786193121935192e-27,GH16_16
-0.40491524086415476,5.42594153940105e-66,0.3689578817753794,0.35936433361804,0.37855142993271884,-0.2560630808514157,0.29727187206020694,0.04120879120879121,1.3119869224900953e-65,GH16_17
0,0.13767734264166806,0.5013915738280743,0.49735296104057314,0.5054301866155755,0.0027360535356772426,0.01191596111633741,0.014652014652014652,0.1516109532222706,GH16_2
-0.14287294116203972,5.590707851437826e-4,0.41969993004800155,0.4012097009754679,0.4381901591205352,-0.10780877949269285,0.6572593289432423,0.5494505494505495,6.849741254978783e-4,GH16_21
-1.033958231907059,3.3324506890614887e-226,0.21623006971078465,0.19984489644772413,0.23261524297384517,-0.45755412665102224,0.7350266541235497,0.2774725274725275,2.4966064998378696e-225,GH16_24
-0.07680144246480144,2.5801581047494285e-19,0.48753082654775975,0.4658382486228763,0.5092234044726431,-0.009356510532427698,0.5707118218877391,0.5613553113553114,3.9835549117246244e-19,GH16_3
-1.1367749746698743,2.7792385375354843e-238,0.21367980822355234,0.19747865015770563,0.22988096628939905,-0.43979390004789815,0.7099404201944183,0.27014652014652013,2.152732223141892e-237,GH16_6
-0.08305054415189644,6.308684750381026e-7,0.47350122961599916,0.46458969917893306,0.48241276005306527,-0.052134914317416674,0.11257447475697711,0.06043956043956044,8.21387159807444e-7,GH16_8
-0.6689533651085398,3.72162900776759e-84,0.3254457860525593,0.3063802658421227,0.3445113062629959,-0.2677628110365645,0.6688617121354656,0.4010989010989011,1.0764458585758155e-83,GH17
-1.0824383261276778,0,0.1144183244371391,0.10182384540732857,0.12701280346694965,-0.6163425787132278,0.7372216995923487,0.12087912087912088,0,GH18
0.9358663544965355,6.103886483609966e-184,0.8012075334511836,0.7850233958092553,0.8173916710931118,0.45663751425745774,0.3684540608341173,0.825091575091575,3.4437976827280922e-183,GH19
-0.5528617838662367,2.2798073838824912e-167,0.24365693885919662,0.2272641535235752,0.26004972419481803,-0.356925764733855,0.5895264973345876,0.2326007326007326,1.1839454254935211e-166,GH2
-0.31914123626353075,5.560148372530511e-53,0.37394311030247057,0.3552004499243204,0.3926857706806207,-0.14630563854458495,0.5666353088742553,0.42032967032967034,1.1602684046787413e-52,GH20
0.20448807824952764,3.867105342394321e-18,0.6123614025777714,0.5902947830679418,0.634428022087601,0.169590522365687,0.4531201003449357,0.6227106227106227,5.890890471580682e-18,GH23
0.5229195049872721,1.8689705173180457e-85,0.7067467783601368,0.6883661404359671,0.7251274162843064,0.28262761070851383,0.43806835998745686,0.7206959706959707,5.510448557511916e-85,GH24
0.3472736768465042,7.94225309257606e-54,0.6611451682006716,0.641775174529862,0.6805151618714812,0.2205365973004731,0.4772656005017247,0.6978021978021978,1.6803748441237314e-53,GH25
0.014268914307423452,0.008380267835251306,0.5196158498134039,0.49752410566757277,0.5417075939592351,0.03080644661077403,0.5296331138287864,0.5604395604395604,0.009947486755090511,GH26
-0.06121904582477824,9.325467991058829e-8,0.48396430839986815,0.462795624093051,0.5051329927066853,-0.027133105214008357,0.5619316400125431,0.5347985347985348,1.242489467030287e-7,GH27
-0.2028476934310311,5.486697477553589e-27,0.42963162060057636,0.4093253827379558,0.4499378584631969,-0.06654916109290526,0.5518971464408906,0.48534798534798534,8.955074097292822e-27,GH28
-0.5251868049765441,1.9768208102351383e-135,0.27493260371905714,0.25768640407853516,0.29217880335957913,-0.2913690260821023,0.5807463154593917,0.2893772893772894,7.85571400241268e-135,GH29
-0.34395909695785226,2.735027213759315e-69,0.3346674753071743,0.3157759845802233,0.35355896603412523,-0.2371010926984587,0.5832549388523048,0.34615384615384615,6.792975199391342e-69,GH3
-0.6049511401646276,3.797237125562532e-124,0.2810473732392829,0.2617900237822637,0.30030472269630215,-0.33461521231982194,0.6459705236751333,0.31135531135531136,1.4224076773623582e-123,GH30
-0.7282411344153894,5.50522800403031e-147,0.23507389182365662,0.2189971062238209,0.25115067742349234,-0.42774182543702766,0.6814048291000313,0.25366300366300365,2.4426108716911184e-146,GH30_1
-0.9084902024462963,3.948167143399983e-251,0.2121346041854038,0.1948685441070129,0.2294006642637947,-0.4359060506755709,0.7014738162433365,0.26556776556776557,3.4698315087188317e-250,GH30_2
-0.4517058954377378,1.3869152232132552e-73,0.35486137673343693,0.33483197299678724,0.3748907804700866,-0.17767463016757468,0.6099090624020069,0.43223443223443225,3.663700907563339e-73,GH30_3
-0.5632593220099471,4.8366895790570565e-111,0.28680434230763485,0.26892143619094433,0.3046872484243254,-0.3135667249025668,0.6349952963311383,0.32142857142857145,1.6619301786684773e-110,GH30_4
-0.5820020033712043,1.7284326430350245e-86,0.30904712513367266,0.28990001928468734,0.328194230982658,-0.3107919048652821,0.6569457510191282,0.34615384615384615,5.196669196493462e-86,GH30_5
-1.5187187831083218,0,0.11270585012353591,0.0997437722440073,0.12566792800306453,-0.6273626029035249,0.7958607714016933,0.1684981684981685,0,GH30_6
-0.8195499388425159,3.826897400877629e-129,0.22979647873815323,0.21404342517815578,0.24554953229815069,-0.4444837852645943,0.7256193164001254,0.28113553113553114,1.4696572371437615e-128,GH30_8
-0.04902001884857539,0.20818982259200472,0.49166706868964627,0.48153627926156184,0.5017978581177307,-0.016609292244287546,0.10818438381937912,0.09157509157509157,0.22492375632280412,GH30_9
-0.3418883793528166,6.659710894900725e-72,0.33833909374831295,0.3192248752604503,0.3574533122361756,-0.23416517631004924,0.5876450297899027,0.3534798534798535,1.7391359308397891e-71,GH31
-0.3897517204899477,8.711571364847622e-70,0.34075783628935086,0.32188001438621905,0.35963565819248267,-0.2306245024965627,0.6152398871119473,0.38461538461538464,2.1755126304564826e-69,GH32
-0.3193690268473889,3.377279648273534e-45,0.374828709494749,0.3556135368482755,0.3940438821412225,-0.1698515501431776,0.5682031984948259,0.3983516483516483,6.681458005458896e-45,GH33
-0.7972256981385843,3.1564421154857606e-138,0.28280995684570476,0.2715007153735393,0.2941191983178702,-0.4247266530897763,0.4989024772656005,0.07417582417582418,1.335642635904623e-137,GH34
-0.393600496214412,6.6164132852843614e-77,0.34594522494334345,0.3262102535277245,0.36568019635896243,-0.1962170786253571,0.5954844778927564,0.3992673992673993,1.7786475713970314e-76,GH35
0.19655309853207462,2.55053175857992e-13,0.5942610358179502,0.5733951698790846,0.6151269017568158,0.145531169990248,0.46252743806836,0.608058608058608,3.676949569940137e-13,GH36
0.2560800147456271,1.0437223506861424e-18,0.5859433239489684,0.5657288968217821,0.6061577510761548,0.10581531983225301,0.46378174976481656,0.5695970695970696,1.6006077659851246e-18,GH37
-0.6963278926747974,3.053116098772168e-147,0.26731225814010384,0.24786359167895342,0.28676092460125424,-0.3824789196379037,0.7011602383192224,0.31868131868131866,1.3679157422930205e-146,GH38
-0.41066182106422605,6.299897713486036e-44,0.36268302096147814,0.34213494878355405,0.38323109313940223,-0.22404798086830074,0.6434619002822202,0.4194139194139194,1.2199378199419994e-43,GH39
0.040685309292776396,1.4431069557375862e-4,0.5188764146901494,0.49779918910146237,0.5399536402788365,-0.023117757125282967,0.5716525556600816,0.5485347985347986,1.797002394474324e-4,GH4
-0.7665093346340351,2.0907004923061667e-158,0.23423926340201037,0.2164187205671371,0.2520598062368836,-0.43674943745498773,0.6757604264659768,0.23901098901098902,1.0273657257891593e-157,GH42
-0.41838766119947185,7.757262768906788e-79,0.3441552176265253,0.32483085706320597,0.3634795781898446,-0.1901341837842308,0.5848228284728755,0.3946886446886447,2.161627491091709e-78,GH43
0.1359269632912272,0.6978030046357253,0.5750180623181564,0.5534290662429321,0.5966070583933808,0.09134852291014095,0.5487613671997491,0.6401098901098901,0.7134138101085603,GH43_1
-0.23054606550864482,3.094590413087475e-32,0.4470070537803369,0.424574673619005,0.46943943394166876,-0.06367440962925441,0.5700846660395108,0.5064102564102564,5.397816102217466e-32,GH43_10
-0.5465378013613352,3.1479487052343295e-69,0.32382218753338227,0.3045612169883458,0.3430831580784187,-0.27608727114841886,0.6030103480714958,0.3269230769230769,7.776284098876155e-69,GH43_11
-0.19963232255567512,3.756984649553246e-30,0.45484966063517335,0.43182011997861824,0.47787920129172845,-0.10383736677245614,0.6111633740984634,0.5073260073260073,6.359044388317902e-30,GH43_12
-0.7615061703459665,3.6087012653377835e-168,0.26703543660269907,0.24784634400893701,0.28622452919646113,-0.37884089883149147,0.7021009720915647,0.3232600732600733,1.89560514742456e-167,GH43_16
-1.047245903142592,0,0.13924037183679705,0.1253157514722328,0.1531649922013613,-0.5747314773655319,0.7450611476952023,0.17032967032967034,0,GH43_17
-0.824230192905089,1.2306050425223663e-220,0.19392095309310736,0.17867477888281344,0.20916712730340128,-0.45419608613399765,0.700533082470994,0.24633699633699635,9.070750071495507e-220,GH43_18
-0.5685661230031308,2.8707881399800344e-112,0.28762274623046025,0.269605430889595,0.3056400615713255,-0.30438164845502563,0.6569457510191282,0.3525641025641026,1.0014886870006684e-111,GH43_19
0.10307618514599831,0.8621673268227674,0.5554605058367993,0.5341396328167508,0.5767813788568478,0.07402420408064814,0.5459391658827218,0.61996336996337,0.8755788185733437,GH43_2
-0.7283489300757601,5.309178781706574e-120,0.2785094596007108,0.2587453413566615,0.29827357784476005,-0.38218170979224597,0.6669802445907808,0.2847985347985348,1.9566892768063744e-119,GH43_22
0,1.5395412615274634e-6,0.5171897847109512,0.5100818886930419,0.5242976807288605,0.0345874727342272,0.019441831295076827,0.05402930402930403,1.9818883282198614e-6,GH43_23
-0.6294273494199245,6.36276371955246e-140,0.2639025289542693,0.24627126501373586,0.28153379289480274,-0.33678785936546995,0.6243336469112575,0.2875457875457875,2.717554224145303e-139,GH43_24
-0.9578953223939264,5.347831216245524e-275,0.1857397854575653,0.16907634539373503,0.20240322552139559,-0.4895218453543947,0.6973973032298526,0.2078754578754579,5.199912480477032e-274,GH43_26
-0.6433638073628692,4.000650423486994e-86,0.3186217331325516,0.2985466972631109,0.3386967690019923,-0.295262905799124,0.6469112574474757,0.3516483516483517,1.1949655186493831e-85,GH43_27
-0.9531635021769859,1.5985718777220623e-277,0.1715710598589244,0.15685810240575593,0.18628401731209288,-0.48657731418785033,0.6669802445907808,0.1804029304029304,1.5881464089543097e-276,GH43_28
0.17759298881634908,0.030586246623072643,0.5754577031623128,0.5541462184479069,0.5967691878767187,0.12965499536524927,0.508623392913139,0.6382783882783882,0.03538712583985873,GH43_29
-0.9655085399855026,4.335554844702732e-280,0.16718226113804663,0.1523661603081822,0.18199836196791105,-0.5034080062302075,0.7030417058639071,0.19963369963369965,4.402996808953663e-279,GH43_3
0,0.08491575521678464,0.4982440210568151,0.49285530923064313,0.503632732882987,-0.003183160520883948,0.027908435246158672,0.024725274725274724,0.09488141842071048,GH43_30
-0.9836973536552456,1.2655666207415558e-296,0.15397350898291634,0.14005506177049945,0.16789195619533323,-0.5513268481283533,0.7143305111320163,0.163003663003663,1.4459098641972277e-295,GH43_31
-1.0998955057653643,0,0.14121932995404302,0.12760183092766184,0.1548368289804242,-0.578355714526928,0.7550956412668548,0.17673992673992675,0,GH43_33
-0.38968255447661393,1.268370716528859e-64,0.3574954887278499,0.3382538146681406,0.37673716278755925,-0.18369636008394236,0.6067732831608654,0.4230769230769231,3.0347927615376363e-64,GH43_34
-0.5814060344161978,2.5475050097207775e-108,0.26620770000356075,0.24881105166864673,0.2836043483384748,-0.3604035506669562,0.6745061147695203,0.3141025641025641,8.560366098841142e-108,GH43_35
-1.3840177201354273,0,0.13741102369982897,0.12524822475191297,0.14957382264774496,-0.5753698324253357,0.7576042646597679,0.18223443223443223,0,GH43_37
0.10820932507726547,0.5899534356204358,0.5602997138745022,0.5382065287095648,0.5823928990394396,0.06796370766267279,0.5327688930699279,0.6007326007326007,0.6099744798156995,GH43_4
1.020025056534477,3.8304022479026385e-186,0.793144388276091,0.7785777249818019,0.8077110515703801,0.4655891302175404,0.4336782690498589,0.8992673992673993,2.2158149712550705e-185,GH43_5
0.6183216259635775,1.1318697862482027e-79,0.7344952658922556,0.7164884695763724,0.7525020622081388,0.2982418960782084,0.5167764189401066,0.815018315018315,3.2128229336362025e-79,GH43_7
-1.6288558590793203,0,0.07860726604847018,0.06752897782028923,0.08968555427665113,-0.732391393492052,0.8541862652869238,0.12179487179487179,0,GH43_8
-1.2560849589634848,0,0.12428612205187933,0.11108321982501411,0.13748902427874457,-0.6062891326296782,0.7839448102853559,0.17765567765567766,0,GH43_9
-0.05223232407229955,0.036099109104310946,0.43794804025283796,0.42023193482999743,0.4556641456756785,-0.050221572093632316,0.6152398871119473,0.565018315018315,0.04165983045623763,GH44
-0.4055506256826996,2.486574540229242e-52,0.39191411181063107,0.3813108858604669,0.40251733776079524,-0.20377913087226351,0.28253370962684227,0.07875457875457875,5.165293476748926e-52,GH46
0.38803685150892187,2.4291549231302245e-24,0.6028478159240154,0.5854616260282804,0.6202340058197503,0.22794702945220346,0.33615553465036063,0.5641025641025641,3.8815517477989954e-24,GH47
0.043796353705816124,0.3305687547902417,0.4595945368522979,0.4415315481172768,0.477657525587319,-0.012473337261672102,0.6306052053935403,0.6181318681318682,0.35051025739939784,GH48
-0.6603474324173821,7.209762376974167e-91,0.32160230278762736,0.3082052371029438,0.33499936847231093,-0.3320023501114752,0.45562872373784885,0.12362637362637363,2.2414023171953703e-90,GH49
0.03624763969170462,0.610759510558533,0.5223564978974198,0.5014225312749714,0.5432904645198682,0.055617869117398744,0.5148949513954217,0.5705128205128205,0.6300611655197507,GH5
-0.6772087271506481,1.875822119693051e-134,0.2771019484330867,0.25773258290076984,0.2964713139654036,-0.349050996040648,0.6723110693007213,0.3232600732600733,7.390092316376934e-134,GH50
-0.24451045963650941,2.6967620780439386e-38,0.4308605187015347,0.408381899869834,0.4533391375332354,-0.08778372771787635,0.58137347130762,0.4935897435897436,4.969436571234194e-38,GH51
0.4847275252512451,1.825789616585043e-56,0.6211453175234924,0.6032297572354683,0.6390608778115165,0.19854909906650264,0.28222013170272814,0.4807692307692308,4.0504167707736148e-56,GH52
-0.015700507700514205,4.0164056748958834e-5,0.5063852735536649,0.4852233690720367,0.5275471780352932,0.010437665188370748,0.5609909062402006,0.5714285714285714,5.028759981992928e-5,GH53
-1.2770654144402889,0,0.1171332717663856,0.10449175214908027,0.12977479138369094,-0.5983635367454747,0.7613671997491377,0.163003663003663,0,GH55
0.05122065078785338,0.21701598064406408,0.5170571171276721,0.500694495870085,0.5334197383852592,0.05378809024152392,0.3079335214800878,0.3617216117216117,0.233906375364003,GH56
0.2217152115347338,0.0012176462605413844,0.626620870506101,0.605102860935933,0.6481388800762691,0.16369026082102278,0.5258701787394168,0.6895604395604396,0.0014721278864217268,GH57
-0.06745404390751451,6.179791710654971e-4,0.4844285013617093,0.4744858907792048,0.4943711119442138,-0.02962966791753245,0.11571025399811853,0.08608058608058608,7.531106164718191e-4,GH58
-0.6097562727375496,7.226070816173482e-78,0.26437863902586384,0.2480734923523699,0.2806837856993578,-0.3945611459722466,0.6848541862652869,0.2902930402930403,1.9774337502941805e-77,GH59
-0.28161288544905094,3.587016788915491e-14,0.34297039847369104,0.32611574909359375,0.3598250478537883,-0.20822263343429848,0.702728127939793,0.4945054945054945,5.237273714167346e-14,GH5_1
0,0.449555196432623,0.49715123645038983,0.4926961950795821,0.5016062778211976,-0.005755533271996113,0.02132329883976168,0.015567765567765568,0.4691450477159226,GH5_12
-0.48339399474091627,1.8372279211193678e-77,0.33537302563643107,0.31577095794435417,0.35497509332850796,-0.2356805157839965,0.6102226403261211,0.37454212454212454,4.997697380663995e-77,GH5_13
-0.5295267989562756,4.681932554258273e-37,0.3635591438978081,0.3452849388093325,0.3818333489862837,-0.24573396186754604,0.5634995296331138,0.31776556776556775,8.558572709184122e-37,GH5_18
-0.2616554153430962,3.184299322226399e-39,0.40314806965794736,0.38262967614270654,0.4236664631731882,-0.13410452827197894,0.6359360301034808,0.5018315018315018,5.891598341123338e-39,GH5_2
0.5893546106586571,2.312124741147277e-53,0.7084100048587348,0.6893931280715245,0.7274268816459452,0.33176458223494915,0.43838193791157104,0.7701465201465202,4.846977094973879e-53,GH5_21
-0.36858807615704026,7.750972710028558e-21,0.4123166344473964,0.3916640540275328,0.43296921486726003,-0.16507896305638542,0.6183756663530887,0.4532967032967033,1.217248978860155e-20,GH5_22
-0.059198571989554534,0.23988433413718002,0.48960842387465153,0.4710744654790533,0.5081423822702498,-0.008614778135003887,0.4738162433364691,0.4652014652014652,0.25734070587016733,GH5_25
-0.8552156847771843,5.19451148040385e-149,0.25205807049645246,0.23937687088708615,0.26473927010581877,-0.4564815867732142,0.5682031984948259,0.11172161172161173,2.3978704510551105e-148,GH5_26
-0.38367000859266087,4.256634591379229e-35,0.39731672633836324,0.3830573289681878,0.4115761237085387,-0.19792194321827433,0.38381937911571024,0.1858974358974359,7.658590583701998e-35,GH5_36
-0.09223984331360176,7.611758690227125e-4,0.46395461964605894,0.4437477643989134,0.4841614748932045,-0.06124418071736981,0.6509877704609596,0.5897435897435898,9.251525854877117e-4,GH5_37
-1.147784078529931,3.234863496579203e-248,0.18647563108993026,0.17255449700804934,0.20039676517181118,-0.5332366755226586,0.7227971150830982,0.18956043956043955,2.6878774871576286e-247,GH5_38
0.2114231483559421,2.505049801052636e-5,0.5899249308233315,0.5683922882588193,0.6114575733878438,0.13113415277102952,0.4989024772656005,0.63003663003663,3.145076261211689e-5,GH5_4
0.6849070132666817,1.3401161358203625e-101,0.6609051030499761,0.6447822227250306,0.6770279833749215,0.31400435563182505,0.1301348385073691,0.4441391941391941,4.3434969792191893e-101,GH5_41
-0.5485737639235372,1.2380091209064076e-57,0.3300601483809386,0.3098956911061314,0.3502246056557458,-0.29707200920747484,0.6230793352148009,0.326007326007326,2.8008424171001397e-57,GH5_44
-0.7909316207034686,1.0946480688136127e-169,0.2331025434270966,0.2160576338041459,0.2501474530500473,-0.4054364418898756,0.6920664785199122,0.2866300366300366,5.885343146444953e-169,GH5_46
0,0.0014682376519953503,0.4843196679979371,0.4761603091678111,0.49247902682806305,-0.031213925616559675,0.08341172781436187,0.0521978021978022,0.001770407933936346,GH5_48
0,0.08712601054671583,0.5023213955481124,0.4983551909474323,0.5062876001487925,0.004617521080362097,0.010034493571652555,0.014652014652014652,0.09711362638987595,GH5_49
-0.9688493209254193,6.953898562241494e-220,0.20959195241885742,0.19203492181204873,0.2271489830256661,-0.483422582434812,0.7206020696142992,0.23717948717948717,5.0443359411815286e-219,GH5_5
-1.3191800211881175,0,0.15284827537884924,0.13985847892729047,0.165838071830408,-0.5609702307726767,0.7441204139228599,0.18315018315018314,0,GH5_54
-0.08681883192453675,6.6388579646103505e-12,0.4872756855353281,0.4661683531690596,0.5083830179015966,-0.010058614950430589,0.5741611790529947,0.5641025641025641,9.36406817847818e-12,GH5_7
-0.5135608506071242,7.890612341606148e-46,0.3220372055038095,0.30478099545133,0.339293415556289,-0.27004400428671355,0.6857949200376293,0.4157509157509158,1.5885505903585943e-45,GH5_8
0,0.08908401889110082,0.5026094162970928,0.49840685359419773,0.5068119789999879,0.005194711215407358,0.011288805268109126,0.016483516483516484,0.099054493024898,GH5_9
-0.589547723441086,3.5693337627655267e-104,0.27897867784979735,0.2620580818916638,0.2958992738079309,-0.35223071065027795,0.6196299780495453,0.2673992673992674,1.182018499698439e-103,GH63
0.22585433578537387,3.320039095265778e-13,0.5887145544953635,0.5654712029319416,0.6119579060587853,0.09884424136540787,0.49639385387268736,0.5952380952380952,4.756294252465393e-13,GH64
-0.7502163994752944,1.61534419754892e-168,0.23414392652398297,0.2173640686173835,0.25092378443058244,-0.4062798286692924,0.6663530887425525,0.2600732600732601,8.583863933486702e-168,GH65
0.04600569401786695,0.9534729718862542,0.5135119923454825,0.49115033098795136,0.5358736537030137,0.008048787211534236,0.5130134838507369,0.5210622710622711,0.9575569494484757,GH66
0.15400201787249074,0.045535525084836395,0.5651805600065243,0.5433957583814962,0.5869653616315523,0.10945592507210566,0.4876136719974914,0.5970695970695971,0.05189460090715769,GH67
-0.17539881702651422,1.1986712700445006e-5,0.45527566141394926,0.43447910218135977,0.47607222064653876,-0.06751746215527965,0.530887425525243,0.4633699633699634,1.5174314969815423e-5,GH68
-0.07703239843326197,4.75385980445884e-4,0.48094726951735417,0.4597271576217442,0.5021673814129641,-0.01601314959734529,0.4995296331138288,0.4835164835164835,5.842555691853479e-4,GH70
0.0077221389970640415,0.48970823367069227,0.5017549738857359,0.4842345820705797,0.51927536570089206,-0.014710595143332672,0.370021950454688,0.3553113553113553,0.5074754258220099,GH71
0,0.9853299318684783,0.49685933905124874,0.49054927837366913,0.5031693997288283,-0.00654378547134897,0.03951081843838194,0.03296703296703297,0.9853299318684783,GH72
0.057949061885240204,0.8640904285244031,0.5308757955747608,0.5092100626231028,0.5525415285264189,0.078581421714065125,0.4662903731577297,0.5448717948717948,0.8755860883273884,GH73
-0.8931595246693748,1.4332379791543016e-202,0.20893091177663145,0.19262752827585794,0.22523429527740496,-0.46522127919117573,0.7133897773596739,0.24816849816849818,9.225207837655152e-202,GH74
-1.19898551112966,0,0.10679051271713548,0.09446917469499493,0.11911185073927603,-0.6222144114900465,0.7284415177171527,0.10622710622710622,0,GH76
-0.03707145642128826,0.7126297873115843,0.4727057984348671,0.4525058826536914,0.4929057142160428,-0.11964893056144232,0.5628723737848855,0.4432234432234432,0.7269460107173975,GH77
-0.8082927493818355,1.7995926023185765e-244,0.2067925802638879,0.18910407166361554,0.22448108886416024,-0.4584000978638797,0.6864220758858577,0.22802197802197802,1.4428312618589289e-243,GH78
-0.019773463342630332,0.16484514100816997,0.49325060849049557,0.4731715859170347,0.5133296310639565,-2.4293674340714055e-4,0.5148949513954217,0.5146520146520146,0.18022542928405186,GH79
0.3839447929692671,2.83371801121333e-35,0.6555102418225655,0.6353375053602441,0.6756829782848868,0.21070196658155266,0.4797742238946378,0.6904761904761905,5.138925123509888e-35,GH8
-0.4883111324732577,3.280241134723275e-56,0.33124051656506975,0.312700332880774,0.34978070024936553,-0.2567789689144346,0.6230793352148009,0.3663003663003663,7.241885017239308e-56,GH81
-0.10250422680340876,5.068356900326432e-7,0.4647200426833541,0.4548099504298445,0.4746301349368637,-0.07250369573981993,0.14393226716839136,0.07142857142857142,6.636788262032033e-7,GH82
0.051462903266601884,0.11360386197819132,0.5355261963916714,0.5138879405053796,0.5571644522779633,0.05119159611163382,0.5321417372216996,0.5833333333333334,0.12570693686206644,GH84
0.5495541488801793,2.9889885132658634e-61,0.6809096229369042,0.6604636909759782,0.7013555548978301,0.2730152412654765,0.40921919096895576,0.6822344322344323,7.041070879188142e-61,GH85
-0.34814880240478085,1.5815916964614524e-40,0.397897505964298,0.38565393387951796,0.41014107804907807,-0.19162195596814596,0.2960175603637504,0.1043956043956044,2.962243464274114e-40,GH86
0.5361852267900789,1.1937759905519339e-55,0.6623861269910187,0.6423218148400477,0.6824504391419898,0.21892735674485436,0.44590780809031044,0.6648351648351648,2.6103140080489656e-55,GH87
-0.9666737817833729,2.7160920620957193e-283,0.16478979367032048,0.15086508187898368,0.1787145054616573,-0.5032770616025555,0.6406396989651929,0.13736263736263737,2.8210319826766903e-282,GH88
-0.42691635220889995,1.322059817545648e-79,0.3230246026577165,0.30566501964205395,0.340384185673379,-0.24846484653634238,0.5973659454374413,0.3489010989010989,3.7295144235701304e-79,GH89
-0.26786216209693525,1.250345802650864e-28,0.3870602586500987,0.3688617377341892,0.4052587795660082,-0.1465666663220756,0.587958607714017,0.4413919413919414,2.0778473884052543e-28,GH9
-1.2773452308187583,0,0.09490298036864359,0.0838111244936594,0.10599483624362777,-0.6746318905302913,0.7826904985888994,0.10805860805860806,0,GH91
-0.6330862053243559,5.851853805123105e-143,0.25428929803341843,0.23834211950273526,0.2702364765641016,-0.3655396813910455,0.6265286923800565,0.260989010989011,2.5469497037535796e-142,GH92
-0.32140970003777103,3.57208611721743e-31,0.40253656398999765,0.38311294818704883,0.4219601797929465,-0.11486772869651518,0.5782376920664786,0.4633699633699634,6.114020058308485e-31,GH93
-0.17686476914724722,6.932289191578696e-15,0.40717275042298556,0.3883499372735365,0.4259955635724346,-0.1206568596032378,0.6353088742552524,0.5146520146520146,1.0219536001778916e-14,GH94
-0.10883199809129959,9.602671118666308e-14,0.46808440070434426,0.4470312395008813,0.4891375619078072,-0.003842191048211707,0.5239887111947319,0.5201465201465202,1.3887407282375008e-13,GH95
-0.31821388963072095,4.2929262188349703e-20,0.4147873528165155,0.39753192689031314,0.4320427787427179,-0.15968611194387294,0.49576669802445905,0.3360805860805861,6.695792771356933e-20,GH96
-0.10410670247213404,2.960743263624844e-13,0.4778594458744976,0.4570970104588726,0.4986218812901226,0.007526731656552932,0.5556600815302603,0.5631868131868132,4.2549046272847603e-13,GH97
0.4559289312575601,6.644565470181141e-42,0.6661500671378375,0.646302180989183,0.685997953286492,0.217012291565443,0.4835371589840075,0.7005494505494505,1.2599860663372537e-41,GH98
-0.14038829347485643,3.049273444269443e-4,0.49364372953272295,0.4719141552452388,0.5153733038202071,-0.03026630002170927,0.587958607714017,0.5576923076923077,3.7867335979106944e-4,GH99
-0.4046605990317812,4.061016831307227e-40,0.3650292557865465,0.34449639953288447,0.3855621120402085,-0.21416855330307827,0.5932894324239574,0.3791208791208791,7.575039558805726e-40,GT1
-0.9108481807048615,2.8161566563857494e-231,0.18851991794136666,0.17322575913835828,0.20381407674437504,-0.4793986195679516,0.6955158356851677,0.21611721611721613,2.144972653280479e-230,GT10
-0.6722127927601836,6.341236709527023e-159,0.2503727327339745,0.23311130382409018,0.2676341616438588,-0.3670912029331596,0.6619629978049545,0.2948717948717949,3.1499404089715757e-158,GT101
0.23845680546027986,2.557002615030209e-8,0.5604299406039764,0.5450495900356154,0.5758102911723375,0.13771067439929152,0.19379115710253997,0.3315018315018315,3.467507997236812e-8,GT102
0.4992616429210418,1.3205295969748213e-45,0.6151735533203078,0.5989918665562088,0.6313552400844067,0.23098976908948687,0.17560363750391972,0.4065934065934066,2.6468509904276025e-45,GT103
0.6263388070720793,6.72947360440566e-84,0.7085692346745969,0.6875262143470617,0.729612255002132,0.21120679258026387,0.5067419253684541,0.717948717948718,1.9341946145996143e-83,GT104
-0.14087143493923876,0.008874494164032312,0.4568737027579925,0.43538838878926805,0.47835901672671693,-0.09124686852814795,0.5738476011288806,0.4826007326007326,0.010506849308193697,GT107
-0.06724918015829955,0.045015962789659796,0.4720474858057172,0.4531293122173582,0.4909656593940762,-0.021988359711783922,0.5751019128253371,0.5531135531135531,0.051509079446003185,GT108
-0.8134552949388208,8.116588932578567e-214,0.19630466220306295,0.18121058823948658,0.21139873616663932,-0.4618908059641832,0.6569457510191282,0.19505494505494506,5.6201229427097044e-213,GT11
-0.9806922081188323,0,0.16048929642532653,0.1454486018853732,0.17552999096527985,-0.5198527562121166,0.7130761994355598,0.19322344322344323,0,GT111
-0.27859516751062063,1.0607583548057767e-14,0.42496413380703124,0.4066753461938577,0.4432529214202048,-0.10353154214866356,0.5421762307933522,0.43864468864468864,1.5587349458078455e-14,GT12
0.15120052173023496,4.75586590234025e-4,0.5372998356300333,0.5198990722086695,0.554700599051397,0.1015622038670016,0.34807149576669805,0.44963369963369965,5.842555691853479e-4,GT13
-0.41738977305199565,5.910641673641269e-69,0.35413371514030023,0.33428121411112466,0.3739862161694758,-0.1735645195193643,0.5700846660395108,0.3965201465201465,1.444472323451369e-68,GT14
0.181773723232144,9.886993081589631e-47,0.5521184026593245,0.5406950578588842,0.5635417474597649,0.09972208725736477,0.049545312010034495,0.14926739926739926,2.0081581503495385e-46,GT15
-0.2329626488495062,1.7128449461148632e-16,0.4263809776509683,0.40663585614534303,0.4461260991565935,-0.09257354436093856,0.6008153026026968,0.5082417582417582,2.5497398709266857e-16,GT17
0.2762821003595489,1.5755616593940042e-15,0.6247629500216518,0.6046676336414364,0.6448582664018673,0.1708913538640725,0.5305738476011289,0.7014652014652014,2.3377651894255193e-15,GT19
-0.5880344379553751,1.836258786545e-312,0.17395247169471065,0.15970452686599798,0.18820041652342331,-0.48465191127467705,0.7209156475384133,0.23626373626373626,2.2083428038183e-311,GT2
-1.2652984000372869,0,0.12754968716869,0.11341697408727157,0.14168240025010842,-0.5889673982336259,0.7638758231420508,0.1749084249084249,0,GT20
-0.7899275993165426,9.190271290473998e-111,0.2837010120641353,0.2664580839551039,0.30094394017316667,-0.32463671480604683,0.6955158356851677,0.3708791208791209,3.1342940147362815e-110,GT22
-0.3761388783984791,8.700488965245863e-59,0.3544258996987125,0.3352180370476853,0.3736337623497397,-0.20810805688510298,0.6064597052367513,0.3983516483516483,2.018336780262619e-58,GT23
-0.024155625286037652,0.3904748587149771,0.5043695590497096,0.4901905781079565,0.5185485399914627,0.0233443257902336,0.21291941047350266,0.23626373626373626,0.41116822680355886,GT24
-0.6999674023898004,1.412498511563634e-147,0.26166311737807507,0.2442433784684163,0.2790828562877339,-0.35682927921874297,0.6663530887425525,0.30952380952380953,6.391206136480996e-147,GT25
-0.2808706786660134,7.49609398449463e-36,0.3832022738419728,0.36336939536083956,0.40303515232310605,-0.16225073139466367,0.5578551269990593,0.3956043956043956,1.3648266736709347e-35,GT26
1.0349851205494716,8.18945101521953e-178,0.7659746702550089,0.7498238553655995,0.7821254851444183,0.4024608975220453,0.3969896519285042,0.7994505494505495,4.455451326137292e-177,GT27
-0.061489476493143125,0.13939697671189497,0.4663423489858109,0.4458569375616767,0.4868277604099451,-0.08823600356996403,0.5754154907494512,0.48717948717948717,0.15313562105128845,GT28
-0.340726454502013,1.2105977240857732e-29,0.4169638765123243,0.40433845766588317,0.42958929535876544,-0.1524583130886047,0.2925682031984948,0.1401098901098901,2.0414876749343113e-29,GT29
0.010912944289634676,0.0038749099368728048,0.5263168549857167,0.5050791065283091,0.5475546034431242,0.031841081464788035,0.5826277830040765,0.6144688644688645,0.004635690683641025,GT3
0.3001156801416549,6.851681831723323e-14,0.6429230459098756,0.6220940208727274,0.6637520709470238,0.1656216940788907,0.522107243650047,0.6877289377289377,9.972033748718339e-14,GT30
-0.2860166469368178,3.546842000613373e-15,0.41160361797708933,0.3943734158048723,0.4288338201493064,-0.08505025861563958,0.5703982439636249,0.48534798534798534,5.245653055923339e-15,GT31
-0.7289068755418477,3.7489051280449177e-205,0.20836951540150037,0.19189388493053147,0.22484514587246926,-0.4279942384363833,0.6679209783631233,0.23992673992673993,2.4474994907378964e-204,GT32
-0.17027648106379378,1.0591293755372166e-7,0.46493081758839055,0.4495923323058921,0.48026930287088904,-0.044119724740609045,0.3280025086233929,0.2838827838827839,1.4070410599433372e-7,GT33
0,0.01803216430167436,0.504846387019482,0.49946892009417504,0.510223853944789,0.009598585798021357,0.017873941674506115,0.027472527472527472,0.021075956741343178,GT34
-0.2761465738239553,2.0629706511098084e-44,0.35257099438661055,0.3330799254073369,0.3720620633658842,-0.255502258794827,0.5979931012856695,0.3424908424908425,4.028964049389668e-44,GT35
0.062494767227206094,0.25394574144080584,0.5294580902530103,0.5146314202978619,0.5442847602081586,0.0841474298670912,0.21072436500470368,0.2948717948717949,0.2717129899738938,GT37
-1.2910584986035085,0,0.16218080811213456,0.14884283799862175,0.17551877822564738,-0.5833505628896033,0.7362809658200062,0.15293040293040294,0,GT38
-0.21825068480682658,4.191271970945746e-13,0.4135874578019451,0.3941949275020169,0.4329799881018733,-0.1345318212674751,0.6290373157729696,0.4945054945054945,5.985660283506894e-13,GT39
-0.890026382607485,0,0.08404405252947116,0.07401649207160656,0.09407161298733575,-0.6315244022205453,0.7111947318908749,0.07967032967032966,0,GT4
0.9142762028053347,1.4242557755914029e-164,0.7533758443918368,0.735809326039642,0.7709423627440316,0.3631611411479709,0.41705863907180935,0.7802197802197802,7.232054327169679e-164,GT41
0,0.05174883111083867,0.4942407336574787,0.48736125422794485,0.5011202130870126,-0.011108756405087544,0.05048604578237692,0.039377289377289376,0.05882889506878923,GT45
0,0.4559410921884903,0.4948697560409696,0.4878779690418384,0.5018615430401008,-0.010506583413450767,0.05079962370649106,0.040293040293040296,0.4746357155584056,GT48
0.6609034804728785,2.003280280986371e-62,0.6641791494801843,0.647601369059631,0.6807569299007377,0.3644499119569675,0.27657572906867356,0.6410256410256411,4.7435185928019255e-62,GT49
-0.37109165154025,1.3833894407733905e-55,0.3475233087180406,0.3277050935324918,0.36734152390358943,-0.2460871677710812,0.6572593289432423,0.41117216117216115,3.010518925873521e-55,GT5
0.12955549445557102,2.0024961774244796e-7,0.5355322267363659,0.5210400703801223,0.5500243830926095,0.06986757363050872,0.17372216995923487,0.24358974358974358,2.644915471338113e-7,GT50
0.4855767020516584,2.1222165098454338e-153,0.7641555162721674,0.7460987191978938,0.7822123133464409,0.3975909634423275,0.37347130761994357,0.7710622710622711,1.0102634843743367e-152,GT51
-0.013742952219692428,0.20481036476182407,0.4965447560696855,0.4848219265107157,0.5082675856286554,-0.00461321369129461,0.13922859830667922,0.1346153846153846,0.22220107348873522,GT52
0,0.27209065321128684,0.4963944281912297,0.48921216194771316,0.5035766944347463,-0.0071571576745612445,0.051113201630605204,0.04395604395604396,0.2898494837239116,GT53
0.6043276487989724,6.088976018281442e-67,0.6846600665979782,0.6653244457531223,0.703995687442834,0.2695210872539188,0.460332392599561,0.7298534798534798,1.4801393831673506e-66,GT56
-0.06493259105887478,0.17398231115848148,0.4857912156830313,0.46634004293921244,0.5052423884268502,-0.009004166106706069,0.5804327375352775,0.5714285714285714,0.1897611365141433,GT57
0.13749784820839744,0.012093327673050639,0.5318736740420653,0.5173060056220934,0.5464413424620372,0.08006833242016684,0.19190968955785512,0.27197802197802196,0.014243945223155006,GT58
0.2241538087061724,3.5864884936667825e-12,0.5558295055002487,0.5411143129086634,0.570544698091834,0.1187271493009969,0.16149263091878333,0.2802197802197802,5.074381552958884e-12,GT59
-0.8603678931348488,1.9712961731972094e-190,0.2146756765759588,0.1977933657159812,0.2315579874359364,-0.44191658138036316,0.6864220758858577,0.2445054945054945,1.169977079417045e-189,GT6
-0.4958760739524069,3.6495629532089133e-45,0.3670225718673508,0.35073255501300404,0.3833125887216976,-0.20964493330438772,0.5493885230479775,0.33974358974358976,7.189009782829626e-45,GT60
0,0.9000094249375081,0.5005408644872427,0.49608316848144074,0.5049985604930446,0.0010932153453319972,0.016306052053935403,0.0173992673992674,0.9079565280274641,GT62
-0.7021174533243894,2.102923284780835e-127,0.2761576251698547,0.25792362276243624,0.29439162757727316,-0.34848758955061876,0.6625901536531829,0.3141025641025641,8.008632842873678e-127,GT66
-0.23909948557675034,1.7145498721401033e-32,0.4274225043274902,0.41861349113439794,0.4362315175205824,-0.1413435263388227,0.18438381937911572,0.04304029304029304,3.013651121415489e-32,GT69
0,0.22079014613786171,0.5009545174173584,0.4945748846812893,0.5073341501534275,0.0015342919858441911,0.03417999372844152,0.03571428571428571,0.23741434537647715,GT71
0.0497014481056744,1.1301509397262229e-17,0.5443686918287106,0.5349057300466378,0.5538316536107835,0.08955751053587366,0.0185010975227344,0.10805860805860806,1.7101952962082248e-17,GT72
-0.37189009241620685,2.9259156529451757e-27,0.4204225663538928,0.39964079881306125,0.44120433389472435,-0.11785102636466699,0.5986202571338978,0.4807692307692308,4.792628865218442e-27,GT73
0,0.06209803432639316,0.5100139616837641,0.5009796567599332,0.5190482666075951,0.020692697080279397,0.059893383505801194,0.08058608058608059,0.0698985263230583,GT75
0.37183488201545617,2.145212036894708e-33,0.5840673124304356,0.5686799872720457,0.5994546375888256,0.16351021195800122,0.1533396048918156,0.31684981684981683,3.785181084404948e-33,GT76
0.38647011564139033,1.7148727912712232e-23,0.6013594694215578,0.5848362513102109,0.6178826875329048,0.2448974669106372,0.2496080275948573,0.4945054945054945,2.72116967226024e-23,GT77
-0.5201741349470131,1.0315168233624367e-110,0.2914014750797441,0.2730127650761729,0.30979018508331535,-0.293023063484023,0.597052367513327,0.304029304029304,3.491875468715804e-110,GT8
-1.4446643204028922,0,0.14670809226312517,0.13278728445623156,0.1606289000700188,-0.5977475801088219,0.7726560050172467,0.1749084249084249,0,GT80
0.06641722288497609,0.08446397544658012,0.5234024755426449,0.5060020694831557,0.540802881602134,0.06832294391090254,0.3813107557227971,0.44963369963369965,0.09460793328207626,GT81
-0.21523834655746193,6.725247713995735e-25,0.43288628377998084,0.4229170350790239,0.4428555324809378,-0.13070427534209283,0.1975540921919097,0.06684981684981685,1.0821965511605812e-24,GT82
0.43633290343968995,6.510300893639122e-32,0.6807600129566262,0.6614250984269031,0.7000949274863494,0.2838957060499863,0.4477892756349953,0.7316849816849816,1.1269725410579844e-31,GT83
-0.13373213668115508,1.4841527038979216e-6,0.4515553694763479,0.43209507377696704,0.47101566517572874,-0.05348485005117187,0.6001881467544685,0.5467032967032966,1.915982445427543e-6,GT84
0,0.6413194241872471,0.5020882222199249,0.49761740290696277,0.506559041532887,0.004204011729881909,0.014111006585136407,0.018315018315018316,0.6600967947152521,GT85
-0.03848971256119377,0.8783935644199559,0.5217286241510136,0.5004012915433323,0.5430559567586949,0.02011119955616658,0.5760426465976796,0.5961538461538461,0.8881103073892033,GT87
0.5141794081817094,5.5051498867453265e-58,0.7109058496640811,0.6913250727970212,0.730486626531141,0.29645260665956813,0.44622138601442457,0.7426739926739927,1.2579267491213072e-57,GT9
1.081620422149388,9.69634867037987e-207,0.7532994600257066,0.7372080182937626,0.7693909017576506,0.453869586042681,0.18532455315145813,0.6391941391941391,6.422074409222609e-206,GT92
-1.0234713416163173,1.0419278113045368e-197,0.21881163155857417,0.20417259729976503,0.2334506658173833,-0.4477772149456063,0.6657259328943242,0.21794871794871795,6.348813463548978e-197,GT97
-0.10977291550439372,4.4052644399398335e-4,0.4674334106366091,0.4480870638177795,0.48677975745543867,-0.05653103559970912,0.5079962370649106,0.45146520146520147,5.441096889331092e-4,GT99
-0.12119148762711758,6.792249100147634e-20,0.4660112543461556,0.4453819011810966,0.4866406075112146,-0.02366996440373681,0.5694575101912825,0.5457875457875457,1.0522229961923622e-19,PL1
-1.4503283064581838,0,0.08679058737854597,0.07568544159037978,0.09789573316671217,-0.6887041306138202,0.8068359987456883,0.11813186813186813,0,PL10
-0.6835321027672111,4.921312750736509e-154,0.25684329259117594,0.23961747785678097,0.27406910732557094,-0.35462303453836846,0.6522420821574161,0.2976190476190476,2.367410449564826e-153,PL10_1
-1.612532693490007,0,0.08760382243449034,0.07606866249187005,0.09913898237711063,-0.7143038053197978,0.8397616807776732,0.12545787545787546,0,PL10_2
-0.7102151152124734,6.023159836432621e-165,0.2549402881011536,0.23784051546113066,0.27204006074117654,-0.33102974166003324,0.6259015365318281,0.2948717948717949,3.0927910620783237e-164,PL11
-0.3592188915715441,7.920881280477451e-58,0.37791265648744476,0.35728725579682974,0.3985380571780598,-0.1623592775991647,0.5964252116650988,0.4340659340659341,1.800916788645868e-57,PL11_1
0.2236517676311022,2.6562084163195014e-27,0.5647904541366441,0.5527059682196637,0.5768749400536245,0.13138484281475815,0.05268109125117592,0.18406593406593408,4.3665008858201874e-27,PL11_2
-0.8868688098608168,5.012979875388475e-183,0.22418294572574912,0.20869707050116207,0.23966882095033618,-0.4270009545174173,0.6879899655064283,0.260989010989011,2.7938192720152842e-182,PL12
-0.5615201392147465,3.516036912991064e-70,0.353628889141589,0.33463455207001624,0.3726232262131618,-0.18614381855209705,0.5954844778927564,0.40934065934065933,8.954279486753001e-70,PL12_1
-1.0409408101619038,3.93946377e-315,0.14846335330813223,0.13460296508528988,0.1623237415309746,-0.5261380983394154,0.7083725305738476,0.18223443223443223,4.8657701167e-314,PL12_2
-0.09593797910788175,0.023902630130245253,0.4770258225103004,0.45723884065467796,0.49681280436592284,-0.018466638410194358,0.5459391658827218,0.5274725274725275,0.0277951704059086,PL12_3
-1.43060864665629,0,0.09170747199909948,0.07979489192543522,0.10362005207276374,-0.6670422709933528,0.78425838820947,0.11721611721611722,0,PL13
-0.5589266091910763,1.88104129008647e-79,0.31572142449376694,0.2972982218848537,0.33414462710268017,-0.280763372720099,0.6296644716211979,0.3489010989010989,5.273839690610532e-79,PL15
0,4.6572832829206474e-7,0.48745688303543433,0.48474257098823903,0.49017119508262963,-0.02508623392913139,0.02508623392913139,0,6.116030058318207e-7,PL15_1
-1.0395340702437534,4.092414125076679e-272,0.19020525570384458,0.17400062655155288,0.2064098848561363,-0.47212257795512735,0.6973973032298526,0.22527472527472528,3.896319281583422e-271,PL15_2
-1.5379882722858618,0,0.11601378134774185,0.10465906797212579,0.1273684947233579,-0.6522403592017891,0.7786139855754155,0.12637362637362637,0,PL17
-0.4789129183993441,2.39923512074124e-44,0.37189379816378876,0.3560282747978299,0.3877593215297476,-0.1977065737648993,0.5136406396989652,0.3159340659340659,4.665746596505305e-44,PL17_1
-0.8895623817183871,2.1410107181382124e-137,0.2822900549852573,0.26344796637236817,0.3011321435981464,-0.3341741356793097,0.6638444653496394,0.32967032967032966,8.814791875578046e-137,PL17_2
-0.4074859639639044,4.4079269236106244e-70,0.3561959494461846,0.33705923008932925,0.37533266880303995,-0.16242044252392324,0.6102226403261211,0.4478021978021978,1.1129406652431246e-69,PL1_2
0.259203922735505,1.1698774592353395e-33,0.5603544177156595,0.548694497333157,0.572014338098162,0.1211728848135245,0.04640953276889307,0.16758241758241757,2.0722248018238376e-33,PL1_5
0.7168815876803107,5.12229931490089e-142,0.6613984426778405,0.6459094945102228,0.6768873908454582,0.3143627304022412,0.0821574161179053,0.3965201465201465,2.208387534820478e-141,PL1_6
0.29724833673653867,8.46579470895645e-14,0.5552302041013235,0.5374694903917336,0.5729909178109134,0.16859379253546702,0.5136406396989652,0.6822344322344323,1.22821212126765e-13,PL1_8
-0.07655495129576131,0.0441786346771681,0.477427127591756,0.4622699475314193,0.49258430765209266,-0.055929724085885923,0.27845719661335844,0.22252747252747251,0.05072772876247694,PL2
0.47464253318866023,3.67187635990908e-35,0.6045177906654859,0.5867173489388868,0.6223182323920851,0.17867997477592962,0.2947632486672938,0.4734432234432234,6.632598800310078e-35,PL21
-0.8277516376056845,1.2946379767046513e-118,0.26253550724387975,0.24756527711986417,0.2775057373678953,-0.37075162216272284,0.6848541862652869,0.3141025641025641,4.733196442832205e-118,PL21_1
-0.9350335780611837,4.071253462566849e-254,0.1738057333071444,0.15896472395929073,0.1886467426549981,-0.48533420170296937,0.6776418940106617,0.19230769230769232,3.648162416456961e-253,PL22
-0.5060595068041145,9.081596266326671e-41,0.38760772780057823,0.36685765226314115,0.4083578033380153,-0.17197767738689657,0.6252743806835999,0.4532967032967033,1.7079380632556742e-40,PL22_1
-1.353673360924117,0,0.08303885150075178,0.07147047903622354,0.09460722396528003,-0.676099848724496,0.7804954531201004,0.1043956043956044,0,PL26
-1.0117361433171832,6.94869160194287e-301,0.15651056114367498,0.14187589431024977,0.1711452279771002,-0.5417170631187564,0.720288491690185,0.17857142857142858,8.142441184840748e-300,PL27
-0.5467455400376161,9.52484695939036e-101,0.3191671921681329,0.29975105971615135,0.3385833246201144,-0.2469555374070896,0.6324866729382251,0.38553113553113555,3.065390887634785e-100,PL29
-1.3398613578509464,0,0.1008081236209176,0.08944268185305715,0.11217356538877804,-0.6329759923362934,0.7428661022264033,0.10989010989010989,0,PL30
-0.01964592092994481,0.2544708089908677,0.46040245946172564,0.4426718443848514,0.4781330745385999,-0.0010372192874544828,0.5907808090310442,0.5897435897435898,0.2717129899738938,PL31
-0.36116773658365686,4.277783432734571e-58,0.38224689494680086,0.373771278835842,0.39072251105775974,-0.23257230383288713,0.25180307306365635,0.019230769230769232,9.873469842220701e-58,PL32
0.2137561238442266,8.514441726752505e-6,0.5871904566636458,0.5656333280236251,0.6087475853036665,0.1161185944817178,0.5010975227343994,0.6172161172161172,1.0808610747571929e-5,PL33_1
-0.9830888533524466,1.5041941778633033e-219,0.2387852818238519,0.2207660278497964,0.2568045357979074,-0.42009707132002516,0.726873628096582,0.3067765567765568,1.0740886551305151e-218,PL33_2
-0.6654279433985621,1.2193795626331438e-137,0.2910367828053623,0.27107624950519865,0.310997316105526,-0.3239983597462431,0.6829727187206021,0.358974358974359,5.112444588287586e-137,PL35
-0.9928406758400198,5.818964310374485e-249,0.1669311403554113,0.15344202686982825,0.18042025384099433,-0.5333555594609217,0.6698024459078081,0.13644688644688643,4.924567944150259e-248,PL37
-1.1001277810330021,0,0.1554068644849454,0.1405169597835504,0.1702967691863404,-0.5394944503599255,0.740043900909376,0.20054945054945056,0,PL38
-0.048630310372659705,0.05744768181939763,0.5128924462179401,0.496255439772118,0.5295294526637622,0.045146606294301506,0.32298526183756665,0.36813186813186816,0.06482368047275239,PL4
-0.2816251537699199,1.2652433488691371e-34,0.4322255302970261,0.4103488698313736,0.4541021907626786,-0.09705236751332702,0.597052367513327,0.5,2.2586570720046707e-34,PL40
-1.014987295241814,3.1384481677053323e-200,0.21023475844736428,0.19635821014483562,0.22411130674989294,-0.4390659512954903,0.6020696142991533,0.163003663003663,1.964754537864845e-199,PL4_1
0,6.85212080926011e-11,0.522046940203102,0.5149244479144558,0.5291694324917483,0.044233439811991085,0.012543116964565695,0.056776556776556776,9.517991519245807e-11,PL4_4
0,0.12904401211713204,0.5041049417813294,0.4995330821079614,0.5086768014546974,0.008230559030182738,0.01191596111633741,0.020146520146520148,0.1424471341486216,PL5_1
-1.1939248116553032,1.5489847069226067e-255,0.21315832698711346,0.1965487607139242,0.22976789326030272,-0.4481941702073405,0.7503919724051427,0.3021978021978022,1.4157720221272626e-254,PL6
-1.1525049849642781,1.3343125009159474e-249,0.21524152391979298,0.19808970390683744,0.23239334393274852,-0.43504026547300306,0.7033552837880214,0.2683150183150183,1.150529835695449e-248,PL6_1
0,1.0982094557830689e-8,0.4840303550322365,0.48023459890293435,0.4878261111615387,-0.03179628461848594,0.036375039197240513,0.004578754578754579,1.4936955990859e-8,PL6_2
-0.9422924414836369,1.3529472161050269e-151,0.26308929389832497,0.2460402995218555,0.2801382882747944,-0.37463947153505006,0.6933207902163687,0.31868131868131866,6.374194616082447e-151,PL7
-1.098501337946253,0,0.12780310522549468,0.11438311868241222,0.14122309176857714,-0.5603844258594964,0.7105675760426466,0.15018315018315018,0,PL8
0.06971995905720624,0.056147936266422546,0.5123454078063674,0.5020671696470218,0.522623645965713,0.025324001805657498,0.08090310442144873,0.10622710622710622,0.06351387840038392,PL8_1
-0.9848185188833343,8.11246403013392e-291,0.16859465401328055,0.15390296194217756,0.18328634608438354,-0.5075344849568744,0.7089996864220759,0.20146520146520147,9.04242941895415e-290,PL8_2
-0.5470502573150863,8.350707668678487e-88,0.3008590656756226,0.28309616994389125,0.31862196140735394,-0.2838603854596328,0.6428347444339918,0.358974358974359,2.544182269724046e-87,PL8_3
0.3756949585632999,6.583708799313908e-20,0.6426664691010882,0.6211075588454568,0.6642253793567195,0.18705612355659396,0.48510504860457826,0.6721611721611722,1.0233860276484544e-19,PL9
-0.4948392776144361,2.146794059376175e-84,0.3258620234161156,0.30654422291815264,0.34517982391407853,-0.2631642424680995,0.6221386014424585,0.358974358974359,6.248948312961223e-84,PL9_1
-1.3823842682845993,0,0.14570762936238005,0.13249789528249467,0.15891736344226542,-0.6024400497589585,0.7654437127626215,0.163003663003663,0,PL9_2
0,1.3292447538756252e-9,0.4766355730607847,0.47154309639938874,0.48172804972218064,-0.0467093270479912,0.057698338037002195,0.01098901098901099,1.8297134112083154e-9,PL9_4
0.10699437563642342,4.102991024560362e-57,0.5498752580126052,0.5407223427381297,0.5590281732870807,0.09969193553389226,0.004703668861712135,0.1043956043956044,9.146667796215051e-57,GH54
0,1.307760431959614e-11,0.5112873694717534,0.5058631076933272,0.5167116312501795,0.02235534926033515,0.008780181875195987,0.031135531135531136,1.833271525783876e-11,PL5
0.15776783985350162,3.470982496102898e-81,0.5605916112736433,0.5508778434582471,0.5703053790890396,0.12116771594664351,6.271558482282847e-4,0.12179487179487179,9.913993754493904e-81,GH124
