plate	media	time	Variable	condition	strainID	species	replicate	OD_adjusted
P1	WCA	0.5	A3	without_mucin	DSM26961	Eisenbergiella tayi	1	0.01
P1	WCA	0.5	A8	without_mucin	DSM13479	Hungatella hathewayi	1	0.01
P1	WCA	0.5	B3	without_mucin	DSM26961	Eisenbergiella tayi	2	0.01
P1	WCA	0.5	B8	without_mucin	DSM13479	Hungatella hathewayi	2	0.01
P1	WCA	0.5	C3	without_mucin	DSM26961	Eisenbergiella tayi	3	0.01
P1	WCA	0.5	C8	without_mucin	DSM13479	Hungatella hathewayi	3	0.01
P1	WCA	0.5	E3	with_mucin_III_0.5%	DSM26961	Eisenbergiella tayi	1	0.01
P1	WCA	0.5	E6	with_mucin_III_0.5%	DSM13479	Hungatella hathewayi	1	0.01
P1	WCA	0.5	F3	with_mucin_III_0.5%	DSM26961	Eisenbergiella tayi	2	0.01
P1	WCA	0.5	F6	with_mucin_III_0.5%	DSM13479	Hungatella hathewayi	2	0.01
P1	WCA	0.5	G3	with_mucin_III_0.5%	DSM26961	Eisenbergiella tayi	3	0.01
P1	WCA	0.5	G6	with_mucin_III_0.5%	DSM13479	Hungatella hathewayi	3	0.01
P1	WCA	1	A3	without_mucin	DSM26961	Eisenbergiella tayi	1	0.01
P1	WCA	1	A8	without_mucin	DSM13479	Hungatella hathewayi	1	0.01
P1	WCA	1	B3	without_mucin	DSM26961	Eisenbergiella tayi	2	0.01
P1	WCA	1	B8	without_mucin	DSM13479	Hungatella hathewayi	2	0.01
P1	WCA	1	C3	without_mucin	DSM26961	Eisenbergiella tayi	3	0.01
P1	WCA	1	C8	without_mucin	DSM13479	Hungatella hathewayi	3	0.01
P1	WCA	1	E3	with_mucin_III_0.5%	DSM26961	Eisenbergiella tayi	1	0.01
P1	WCA	1	E6	with_mucin_III_0.5%	DSM13479	Hungatella hathewayi	1	0.01
P1	WCA	1	F3	with_mucin_III_0.5%	DSM26961	Eisenbergiella tayi	2	0.01
P1	WCA	1	F6	with_mucin_III_0.5%	DSM13479	Hungatella hathewayi	2	0.01
P1	WCA	1	G3	with_mucin_III_0.5%	DSM26961	Eisenbergiella tayi	3	0.01
P1	WCA	1	G6	with_mucin_III_0.5%	DSM13479	Hungatella hathewayi	3	0.01
P1	WCA	2	A3	without_mucin	DSM26961	Eisenbergiella tayi	1	0.01
P1	WCA	2	A8	without_mucin	DSM13479	Hungatella hathewayi	1	0.01
P1	WCA	2	B3	without_mucin	DSM26961	Eisenbergiella tayi	2	0.01
P1	WCA	2	B8	without_mucin	DSM13479	Hungatella hathewayi	2	0.01
P1	WCA	2	C3	without_mucin	DSM26961	Eisenbergiella tayi	3	0.01
P1	WCA	2	C8	without_mucin	DSM13479	Hungatella hathewayi	3	0.01
P1	WCA	2	E3	with_mucin_III_0.5%	DSM26961	Eisenbergiella tayi	1	0.01
P1	WCA	2	E6	with_mucin_III_0.5%	DSM13479	Hungatella hathewayi	1	0.01
P1	WCA	2	F3	with_mucin_III_0.5%	DSM26961	Eisenbergiella tayi	2	0.01
P1	WCA	2	F6	with_mucin_III_0.5%	DSM13479	Hungatella hathewayi	2	0.01
P1	WCA	2	G3	with_mucin_III_0.5%	DSM26961	Eisenbergiella tayi	3	0.01
P1	WCA	2	G6	with_mucin_III_0.5%	DSM13479	Hungatella hathewayi	3	0.01
P1	WCA	3	A3	without_mucin	DSM26961	Eisenbergiella tayi	1	0.01
P1	WCA	3	A8	without_mucin	DSM13479	Hungatella hathewayi	1	0.01
P1	WCA	3	B3	without_mucin	DSM26961	Eisenbergiella tayi	2	0.01
P1	WCA	3	B8	without_mucin	DSM13479	Hungatella hathewayi	2	0.01
P1	WCA	3	C3	without_mucin	DSM26961	Eisenbergiella tayi	3	0.01
P1	WCA	3	C8	without_mucin	DSM13479	Hungatella hathewayi	3	0.01
P1	WCA	3	E3	with_mucin_III_0.5%	DSM26961	Eisenbergiella tayi	1	0.01
P1	WCA	3	E6	with_mucin_III_0.5%	DSM13479	Hungatella hathewayi	1	0.013
P1	WCA	3	F3	with_mucin_III_0.5%	DSM26961	Eisenbergiella tayi	2	0.015
P1	WCA	3	F6	with_mucin_III_0.5%	DSM13479	Hungatella hathewayi	2	0.029
P1	WCA	3	G3	with_mucin_III_0.5%	DSM26961	Eisenbergiella tayi	3	0.011
P1	WCA	3	G6	with_mucin_III_0.5%	DSM13479	Hungatella hathewayi	3	0.027
P1	WCA	4	A3	without_mucin	DSM26961	Eisenbergiella tayi	1	0.011
P1	WCA	4	A8	without_mucin	DSM13479	Hungatella hathewayi	1	0.01
P1	WCA	4	B3	without_mucin	DSM26961	Eisenbergiella tayi	2	0.01
P1	WCA	4	B8	without_mucin	DSM13479	Hungatella hathewayi	2	0.01
P1	WCA	4	C3	without_mucin	DSM26961	Eisenbergiella tayi	3	0.01
P1	WCA	4	C8	without_mucin	DSM13479	Hungatella hathewayi	3	0.01
P1	WCA	4	E3	with_mucin_III_0.5%	DSM26961	Eisenbergiella tayi	1	0.016
P1	WCA	4	E6	with_mucin_III_0.5%	DSM13479	Hungatella hathewayi	1	0.023
P1	WCA	4	F3	with_mucin_III_0.5%	DSM26961	Eisenbergiella tayi	2	0.022
P1	WCA	4	F6	with_mucin_III_0.5%	DSM13479	Hungatella hathewayi	2	0.045
P1	WCA	4	G3	with_mucin_III_0.5%	DSM26961	Eisenbergiella tayi	3	0.023
P1	WCA	4	G6	with_mucin_III_0.5%	DSM13479	Hungatella hathewayi	3	0.04
P1	WCA	5	A3	without_mucin	DSM26961	Eisenbergiella tayi	1	0.015
P1	WCA	5	A8	without_mucin	DSM13479	Hungatella hathewayi	1	0.01
P1	WCA	5	B3	without_mucin	DSM26961	Eisenbergiella tayi	2	0.014
P1	WCA	5	B8	without_mucin	DSM13479	Hungatella hathewayi	2	0.01
P1	WCA	5	C3	without_mucin	DSM26961	Eisenbergiella tayi	3	0.015
P1	WCA	5	C8	without_mucin	DSM13479	Hungatella hathewayi	3	0.01
P1	WCA	5	E3	with_mucin_III_0.5%	DSM26961	Eisenbergiella tayi	1	0.022
P1	WCA	5	E6	with_mucin_III_0.5%	DSM13479	Hungatella hathewayi	1	0.034
P1	WCA	5	F3	with_mucin_III_0.5%	DSM26961	Eisenbergiella tayi	2	0.033
P1	WCA	5	F6	with_mucin_III_0.5%	DSM13479	Hungatella hathewayi	2	0.057
P1	WCA	5	G3	with_mucin_III_0.5%	DSM26961	Eisenbergiella tayi	3	0.036
P1	WCA	5	G6	with_mucin_III_0.5%	DSM13479	Hungatella hathewayi	3	0.049
P1	WCA	6	A3	without_mucin	DSM26961	Eisenbergiella tayi	1	0.018
P1	WCA	6	A8	without_mucin	DSM13479	Hungatella hathewayi	1	0.01
P1	WCA	6	B3	without_mucin	DSM26961	Eisenbergiella tayi	2	0.018
P1	WCA	6	B8	without_mucin	DSM13479	Hungatella hathewayi	2	0.01
P1	WCA	6	C3	without_mucin	DSM26961	Eisenbergiella tayi	3	0.019
P1	WCA	6	C8	without_mucin	DSM13479	Hungatella hathewayi	3	0.01
P1	WCA	6	E3	with_mucin_III_0.5%	DSM26961	Eisenbergiella tayi	1	0.031
P1	WCA	6	E6	with_mucin_III_0.5%	DSM13479	Hungatella hathewayi	1	0.042
P1	WCA	6	F3	with_mucin_III_0.5%	DSM26961	Eisenbergiella tayi	2	0.041
P1	WCA	6	F6	with_mucin_III_0.5%	DSM13479	Hungatella hathewayi	2	0.064
P1	WCA	6	G3	with_mucin_III_0.5%	DSM26961	Eisenbergiella tayi	3	0.05
P1	WCA	6	G6	with_mucin_III_0.5%	DSM13479	Hungatella hathewayi	3	0.057
P1	WCA	7	A3	without_mucin	DSM26961	Eisenbergiella tayi	1	0.021
P1	WCA	7	A8	without_mucin	DSM13479	Hungatella hathewayi	1	0.011
P1	WCA	7	B3	without_mucin	DSM26961	Eisenbergiella tayi	2	0.021
P1	WCA	7	B8	without_mucin	DSM13479	Hungatella hathewayi	2	0.01
P1	WCA	7	C3	without_mucin	DSM26961	Eisenbergiella tayi	3	0.022
P1	WCA	7	C8	without_mucin	DSM13479	Hungatella hathewayi	3	0.012
P1	WCA	7	E3	with_mucin_III_0.5%	DSM26961	Eisenbergiella tayi	1	0.039
P1	WCA	7	E6	with_mucin_III_0.5%	DSM13479	Hungatella hathewayi	1	0.05
P1	WCA	7	F3	with_mucin_III_0.5%	DSM26961	Eisenbergiella tayi	2	0.049
P1	WCA	7	F6	with_mucin_III_0.5%	DSM13479	Hungatella hathewayi	2	0.071
P1	WCA	7	G3	with_mucin_III_0.5%	DSM26961	Eisenbergiella tayi	3	0.061
P1	WCA	7	G6	with_mucin_III_0.5%	DSM13479	Hungatella hathewayi	3	0.063
P1	WCA	8	A3	without_mucin	DSM26961	Eisenbergiella tayi	1	0.024
P1	WCA	8	A8	without_mucin	DSM13479	Hungatella hathewayi	1	0.013
P1	WCA	8	B3	without_mucin	DSM26961	Eisenbergiella tayi	2	0.024
P1	WCA	8	B8	without_mucin	DSM13479	Hungatella hathewayi	2	0.01
P1	WCA	8	C3	without_mucin	DSM26961	Eisenbergiella tayi	3	0.024
P1	WCA	8	C8	without_mucin	DSM13479	Hungatella hathewayi	3	0.014
P1	WCA	8	E3	with_mucin_III_0.5%	DSM26961	Eisenbergiella tayi	1	0.05
P1	WCA	8	E6	with_mucin_III_0.5%	DSM13479	Hungatella hathewayi	1	0.058
P1	WCA	8	F3	with_mucin_III_0.5%	DSM26961	Eisenbergiella tayi	2	0.06
P1	WCA	8	F6	with_mucin_III_0.5%	DSM13479	Hungatella hathewayi	2	0.08
P1	WCA	8	G3	with_mucin_III_0.5%	DSM26961	Eisenbergiella tayi	3	0.076
P1	WCA	8	G6	with_mucin_III_0.5%	DSM13479	Hungatella hathewayi	3	0.073
P1	WCA	9	A3	without_mucin	DSM26961	Eisenbergiella tayi	1	0.026
P1	WCA	9	A8	without_mucin	DSM13479	Hungatella hathewayi	1	0.015
P1	WCA	9	B3	without_mucin	DSM26961	Eisenbergiella tayi	2	0.026
P1	WCA	9	B8	without_mucin	DSM13479	Hungatella hathewayi	2	0.01
P1	WCA	9	C3	without_mucin	DSM26961	Eisenbergiella tayi	3	0.026
P1	WCA	9	C8	without_mucin	DSM13479	Hungatella hathewayi	3	0.017
P1	WCA	9	E3	with_mucin_III_0.5%	DSM26961	Eisenbergiella tayi	1	0.067
P1	WCA	9	E6	with_mucin_III_0.5%	DSM13479	Hungatella hathewayi	1	0.066
P1	WCA	9	F3	with_mucin_III_0.5%	DSM26961	Eisenbergiella tayi	2	0.071
P1	WCA	9	F6	with_mucin_III_0.5%	DSM13479	Hungatella hathewayi	2	0.086
P1	WCA	9	G3	with_mucin_III_0.5%	DSM26961	Eisenbergiella tayi	3	0.089
P1	WCA	9	G6	with_mucin_III_0.5%	DSM13479	Hungatella hathewayi	3	0.081
P1	WCA	10	A3	without_mucin	DSM26961	Eisenbergiella tayi	1	0.028
P1	WCA	10	A8	without_mucin	DSM13479	Hungatella hathewayi	1	0.016
P1	WCA	10	B3	without_mucin	DSM26961	Eisenbergiella tayi	2	0.029
P1	WCA	10	B8	without_mucin	DSM13479	Hungatella hathewayi	2	0.01
P1	WCA	10	C3	without_mucin	DSM26961	Eisenbergiella tayi	3	0.026
P1	WCA	10	C8	without_mucin	DSM13479	Hungatella hathewayi	3	0.018
P1	WCA	10	E3	with_mucin_III_0.5%	DSM26961	Eisenbergiella tayi	1	0.088
P1	WCA	10	E6	with_mucin_III_0.5%	DSM13479	Hungatella hathewayi	1	0.076
P1	WCA	10	F3	with_mucin_III_0.5%	DSM26961	Eisenbergiella tayi	2	0.079
P1	WCA	10	F6	with_mucin_III_0.5%	DSM13479	Hungatella hathewayi	2	0.097
P1	WCA	10	G3	with_mucin_III_0.5%	DSM26961	Eisenbergiella tayi	3	0.103
P1	WCA	10	G6	with_mucin_III_0.5%	DSM13479	Hungatella hathewayi	3	0.093
P1	WCA	11	A3	without_mucin	DSM26961	Eisenbergiella tayi	1	0.029
P1	WCA	11	A8	without_mucin	DSM13479	Hungatella hathewayi	1	0.018
P1	WCA	11	B3	without_mucin	DSM26961	Eisenbergiella tayi	2	0.031
P1	WCA	11	B8	without_mucin	DSM13479	Hungatella hathewayi	2	0.01
P1	WCA	11	C3	without_mucin	DSM26961	Eisenbergiella tayi	3	0.026
P1	WCA	11	C8	without_mucin	DSM13479	Hungatella hathewayi	3	0.019
P1	WCA	11	E3	with_mucin_III_0.5%	DSM26961	Eisenbergiella tayi	1	0.107
P1	WCA	11	E6	with_mucin_III_0.5%	DSM13479	Hungatella hathewayi	1	0.087
P1	WCA	11	F3	with_mucin_III_0.5%	DSM26961	Eisenbergiella tayi	2	0.088
P1	WCA	11	F6	with_mucin_III_0.5%	DSM13479	Hungatella hathewayi	2	0.107
P1	WCA	11	G3	with_mucin_III_0.5%	DSM26961	Eisenbergiella tayi	3	0.113
P1	WCA	11	G6	with_mucin_III_0.5%	DSM13479	Hungatella hathewayi	3	0.098
P1	WCA	12	A3	without_mucin	DSM26961	Eisenbergiella tayi	1	0.031
P1	WCA	12	A8	without_mucin	DSM13479	Hungatella hathewayi	1	0.02
P1	WCA	12	B3	without_mucin	DSM26961	Eisenbergiella tayi	2	0.032
P1	WCA	12	B8	without_mucin	DSM13479	Hungatella hathewayi	2	0.01
P1	WCA	12	C3	without_mucin	DSM26961	Eisenbergiella tayi	3	0.028
P1	WCA	12	C8	without_mucin	DSM13479	Hungatella hathewayi	3	0.019
P1	WCA	12	E3	with_mucin_III_0.5%	DSM26961	Eisenbergiella tayi	1	0.124
P1	WCA	12	E6	with_mucin_III_0.5%	DSM13479	Hungatella hathewayi	1	0.1
P1	WCA	12	F3	with_mucin_III_0.5%	DSM26961	Eisenbergiella tayi	2	0.099
P1	WCA	12	F6	with_mucin_III_0.5%	DSM13479	Hungatella hathewayi	2	0.119
P1	WCA	12	G3	with_mucin_III_0.5%	DSM26961	Eisenbergiella tayi	3	0.122
P1	WCA	12	G6	with_mucin_III_0.5%	DSM13479	Hungatella hathewayi	3	0.104
P1	WCA	13	A3	without_mucin	DSM26961	Eisenbergiella tayi	1	0.033
P1	WCA	13	A8	without_mucin	DSM13479	Hungatella hathewayi	1	0.021
P1	WCA	13	B3	without_mucin	DSM26961	Eisenbergiella tayi	2	0.036
P1	WCA	13	B8	without_mucin	DSM13479	Hungatella hathewayi	2	0.01
P1	WCA	13	C3	without_mucin	DSM26961	Eisenbergiella tayi	3	0.03
P1	WCA	13	C8	without_mucin	DSM13479	Hungatella hathewayi	3	0.02
P1	WCA	13	E3	with_mucin_III_0.5%	DSM26961	Eisenbergiella tayi	1	0.137
P1	WCA	13	E6	with_mucin_III_0.5%	DSM13479	Hungatella hathewayi	1	0.115
P1	WCA	13	F3	with_mucin_III_0.5%	DSM26961	Eisenbergiella tayi	2	0.115
P1	WCA	13	F6	with_mucin_III_0.5%	DSM13479	Hungatella hathewayi	2	0.136
P1	WCA	13	G3	with_mucin_III_0.5%	DSM26961	Eisenbergiella tayi	3	0.127
P1	WCA	13	G6	with_mucin_III_0.5%	DSM13479	Hungatella hathewayi	3	0.112
P1	WCA	14	A3	without_mucin	DSM26961	Eisenbergiella tayi	1	0.037
P1	WCA	14	A8	without_mucin	DSM13479	Hungatella hathewayi	1	0.022
P1	WCA	14	B3	without_mucin	DSM26961	Eisenbergiella tayi	2	0.038
P1	WCA	14	B8	without_mucin	DSM13479	Hungatella hathewayi	2	0.01
P1	WCA	14	C3	without_mucin	DSM26961	Eisenbergiella tayi	3	0.036
P1	WCA	14	C8	without_mucin	DSM13479	Hungatella hathewayi	3	0.02
P1	WCA	14	E3	with_mucin_III_0.5%	DSM26961	Eisenbergiella tayi	1	0.157
P1	WCA	14	E6	with_mucin_III_0.5%	DSM13479	Hungatella hathewayi	1	0.141
P1	WCA	14	F3	with_mucin_III_0.5%	DSM26961	Eisenbergiella tayi	2	0.135
P1	WCA	14	F6	with_mucin_III_0.5%	DSM13479	Hungatella hathewayi	2	0.145
P1	WCA	14	G3	with_mucin_III_0.5%	DSM26961	Eisenbergiella tayi	3	0.138
P1	WCA	14	G6	with_mucin_III_0.5%	DSM13479	Hungatella hathewayi	3	0.121
P1	WCA	15	A3	without_mucin	DSM26961	Eisenbergiella tayi	1	0.047
P1	WCA	15	A8	without_mucin	DSM13479	Hungatella hathewayi	1	0.024
P1	WCA	15	B3	without_mucin	DSM26961	Eisenbergiella tayi	2	0.047
P1	WCA	15	B8	without_mucin	DSM13479	Hungatella hathewayi	2	0.01
P1	WCA	15	C3	without_mucin	DSM26961	Eisenbergiella tayi	3	0.036
P1	WCA	15	C8	without_mucin	DSM13479	Hungatella hathewayi	3	0.022
P1	WCA	15	E3	with_mucin_III_0.5%	DSM26961	Eisenbergiella tayi	1	0.166
P1	WCA	15	E6	with_mucin_III_0.5%	DSM13479	Hungatella hathewayi	1	0.157
P1	WCA	15	F3	with_mucin_III_0.5%	DSM26961	Eisenbergiella tayi	2	0.156
P1	WCA	15	F6	with_mucin_III_0.5%	DSM13479	Hungatella hathewayi	2	0.144
P1	WCA	15	G3	with_mucin_III_0.5%	DSM26961	Eisenbergiella tayi	3	0.14
P1	WCA	15	G6	with_mucin_III_0.5%	DSM13479	Hungatella hathewayi	3	0.128
P1	WCA	16	A3	without_mucin	DSM26961	Eisenbergiella tayi	1	0.055
P1	WCA	16	A8	without_mucin	DSM13479	Hungatella hathewayi	1	0.024
P1	WCA	16	B3	without_mucin	DSM26961	Eisenbergiella tayi	2	0.03
P1	WCA	16	B8	without_mucin	DSM13479	Hungatella hathewayi	2	0.01
P1	WCA	16	C3	without_mucin	DSM26961	Eisenbergiella tayi	3	0.039
P1	WCA	16	C8	without_mucin	DSM13479	Hungatella hathewayi	3	0.021
P1	WCA	16	E3	with_mucin_III_0.5%	DSM26961	Eisenbergiella tayi	1	0.177
P1	WCA	16	E6	with_mucin_III_0.5%	DSM13479	Hungatella hathewayi	1	0.169
P1	WCA	16	F3	with_mucin_III_0.5%	DSM26961	Eisenbergiella tayi	2	0.157
P1	WCA	16	F6	with_mucin_III_0.5%	DSM13479	Hungatella hathewayi	2	0.141
P1	WCA	16	G3	with_mucin_III_0.5%	DSM26961	Eisenbergiella tayi	3	0.148
P1	WCA	16	G6	with_mucin_III_0.5%	DSM13479	Hungatella hathewayi	3	0.137
P1	WCA	17	A3	without_mucin	DSM26961	Eisenbergiella tayi	1	0.015
P1	WCA	17	A8	without_mucin	DSM13479	Hungatella hathewayi	1	0.027
P1	WCA	17	B3	without_mucin	DSM26961	Eisenbergiella tayi	2	0.036
P1	WCA	17	B8	without_mucin	DSM13479	Hungatella hathewayi	2	0.01
P1	WCA	17	C3	without_mucin	DSM26961	Eisenbergiella tayi	3	0.048
P1	WCA	17	C8	without_mucin	DSM13479	Hungatella hathewayi	3	0.021
P1	WCA	17	E3	with_mucin_III_0.5%	DSM26961	Eisenbergiella tayi	1	0.197
P1	WCA	17	E6	with_mucin_III_0.5%	DSM13479	Hungatella hathewayi	1	0.177
P1	WCA	17	F3	with_mucin_III_0.5%	DSM26961	Eisenbergiella tayi	2	0.174
P1	WCA	17	F6	with_mucin_III_0.5%	DSM13479	Hungatella hathewayi	2	0.137
P1	WCA	17	G3	with_mucin_III_0.5%	DSM26961	Eisenbergiella tayi	3	0.159
P1	WCA	17	G6	with_mucin_III_0.5%	DSM13479	Hungatella hathewayi	3	0.153
P1	WCA	18	A3	without_mucin	DSM26961	Eisenbergiella tayi	1	0.021
P1	WCA	18	A8	without_mucin	DSM13479	Hungatella hathewayi	1	0.03
P1	WCA	18	B3	without_mucin	DSM26961	Eisenbergiella tayi	2	0.04
P1	WCA	18	B8	without_mucin	DSM13479	Hungatella hathewayi	2	0.01
P1	WCA	18	C3	without_mucin	DSM26961	Eisenbergiella tayi	3	0.058
P1	WCA	18	C8	without_mucin	DSM13479	Hungatella hathewayi	3	0.023
P1	WCA	18	E3	with_mucin_III_0.5%	DSM26961	Eisenbergiella tayi	1	0.226
P1	WCA	18	E6	with_mucin_III_0.5%	DSM13479	Hungatella hathewayi	1	0.182
P1	WCA	18	F3	with_mucin_III_0.5%	DSM26961	Eisenbergiella tayi	2	0.185
P1	WCA	18	F6	with_mucin_III_0.5%	DSM13479	Hungatella hathewayi	2	0.135
P1	WCA	18	G3	with_mucin_III_0.5%	DSM26961	Eisenbergiella tayi	3	0.17
P1	WCA	18	G6	with_mucin_III_0.5%	DSM13479	Hungatella hathewayi	3	0.159
P1	WCA	19	A3	without_mucin	DSM26961	Eisenbergiella tayi	1	0.029
P1	WCA	19	A8	without_mucin	DSM13479	Hungatella hathewayi	1	0.041
P1	WCA	19	B3	without_mucin	DSM26961	Eisenbergiella tayi	2	0.054
P1	WCA	19	B8	without_mucin	DSM13479	Hungatella hathewayi	2	0.013
P1	WCA	19	C3	without_mucin	DSM26961	Eisenbergiella tayi	3	0.056
P1	WCA	19	C8	without_mucin	DSM13479	Hungatella hathewayi	3	0.029
P1	WCA	19	E3	with_mucin_III_0.5%	DSM26961	Eisenbergiella tayi	1	0.187
P1	WCA	19	E6	with_mucin_III_0.5%	DSM13479	Hungatella hathewayi	1	0.182
P1	WCA	19	F3	with_mucin_III_0.5%	DSM26961	Eisenbergiella tayi	2	0.207
P1	WCA	19	F6	with_mucin_III_0.5%	DSM13479	Hungatella hathewayi	2	0.138
P1	WCA	19	G3	with_mucin_III_0.5%	DSM26961	Eisenbergiella tayi	3	0.198
P1	WCA	19	G6	with_mucin_III_0.5%	DSM13479	Hungatella hathewayi	3	0.168
P1	WCA	20	A3	without_mucin	DSM26961	Eisenbergiella tayi	1	0.044
P1	WCA	20	A8	without_mucin	DSM13479	Hungatella hathewayi	1	0.063
P1	WCA	20	B3	without_mucin	DSM26961	Eisenbergiella tayi	2	0.086
P1	WCA	20	B8	without_mucin	DSM13479	Hungatella hathewayi	2	0.027
P1	WCA	20	C3	without_mucin	DSM26961	Eisenbergiella tayi	3	0.082
P1	WCA	20	C8	without_mucin	DSM13479	Hungatella hathewayi	3	0.055
P1	WCA	20	E3	with_mucin_III_0.5%	DSM26961	Eisenbergiella tayi	1	0.271
P1	WCA	20	E6	with_mucin_III_0.5%	DSM13479	Hungatella hathewayi	1	0.198
P1	WCA	20	F3	with_mucin_III_0.5%	DSM26961	Eisenbergiella tayi	2	0.19
P1	WCA	20	F6	with_mucin_III_0.5%	DSM13479	Hungatella hathewayi	2	0.145
P1	WCA	20	G3	with_mucin_III_0.5%	DSM26961	Eisenbergiella tayi	3	0.162
P1	WCA	20	G6	with_mucin_III_0.5%	DSM13479	Hungatella hathewayi	3	0.185
P1	WCA	21	A3	without_mucin	DSM26961	Eisenbergiella tayi	1	0.075
P1	WCA	21	A8	without_mucin	DSM13479	Hungatella hathewayi	1	0.102
P1	WCA	21	B3	without_mucin	DSM26961	Eisenbergiella tayi	2	0.083
P1	WCA	21	B8	without_mucin	DSM13479	Hungatella hathewayi	2	0.046
P1	WCA	21	C3	without_mucin	DSM26961	Eisenbergiella tayi	3	0.048
P1	WCA	21	C8	without_mucin	DSM13479	Hungatella hathewayi	3	0.092
P1	WCA	21	E3	with_mucin_III_0.5%	DSM26961	Eisenbergiella tayi	1	0.01
P1	WCA	21	E6	with_mucin_III_0.5%	DSM13479	Hungatella hathewayi	1	0.222
P1	WCA	21	F3	with_mucin_III_0.5%	DSM26961	Eisenbergiella tayi	2	0.086
P1	WCA	21	F6	with_mucin_III_0.5%	DSM13479	Hungatella hathewayi	2	0.163
P1	WCA	21	G3	with_mucin_III_0.5%	DSM26961	Eisenbergiella tayi	3	0.153
P1	WCA	21	G6	with_mucin_III_0.5%	DSM13479	Hungatella hathewayi	3	0.218
P1	WCA	22	A3	without_mucin	DSM26961	Eisenbergiella tayi	1	0.086
P1	WCA	22	A8	without_mucin	DSM13479	Hungatella hathewayi	1	0.162
P1	WCA	22	B3	without_mucin	DSM26961	Eisenbergiella tayi	2	0.096
P1	WCA	22	B8	without_mucin	DSM13479	Hungatella hathewayi	2	0.071
P1	WCA	22	C3	without_mucin	DSM26961	Eisenbergiella tayi	3	0.079
P1	WCA	22	C8	without_mucin	DSM13479	Hungatella hathewayi	3	0.154
P1	WCA	22	E3	with_mucin_III_0.5%	DSM26961	Eisenbergiella tayi	1	0.16
P1	WCA	22	E6	with_mucin_III_0.5%	DSM13479	Hungatella hathewayi	1	0.262
P1	WCA	22	F3	with_mucin_III_0.5%	DSM26961	Eisenbergiella tayi	2	0.102
P1	WCA	22	F6	with_mucin_III_0.5%	DSM13479	Hungatella hathewayi	2	0.192
P1	WCA	22	G3	with_mucin_III_0.5%	DSM26961	Eisenbergiella tayi	3	0.276
P1	WCA	22	G6	with_mucin_III_0.5%	DSM13479	Hungatella hathewayi	3	0.258
P1	WCA	23	A3	without_mucin	DSM26961	Eisenbergiella tayi	1	0.072
P1	WCA	23	A8	without_mucin	DSM13479	Hungatella hathewayi	1	0.24
P1	WCA	23	B3	without_mucin	DSM26961	Eisenbergiella tayi	2	0.117
P1	WCA	23	B8	without_mucin	DSM13479	Hungatella hathewayi	2	0.123
P1	WCA	23	C3	without_mucin	DSM26961	Eisenbergiella tayi	3	0.123
P1	WCA	23	C8	without_mucin	DSM13479	Hungatella hathewayi	3	0.223
P1	WCA	23	E3	with_mucin_III_0.5%	DSM26961	Eisenbergiella tayi	1	0.326
P1	WCA	23	E6	with_mucin_III_0.5%	DSM13479	Hungatella hathewayi	1	0.31
P1	WCA	23	F3	with_mucin_III_0.5%	DSM26961	Eisenbergiella tayi	2	0.01
P1	WCA	23	F6	with_mucin_III_0.5%	DSM13479	Hungatella hathewayi	2	0.234
P1	WCA	23	G3	with_mucin_III_0.5%	DSM26961	Eisenbergiella tayi	3	0.495
P1	WCA	23	G6	with_mucin_III_0.5%	DSM13479	Hungatella hathewayi	3	0.314
P1	WCA	24	A3	without_mucin	DSM26961	Eisenbergiella tayi	1	0.059
P1	WCA	24	A8	without_mucin	DSM13479	Hungatella hathewayi	1	0.332
P1	WCA	24	B3	without_mucin	DSM26961	Eisenbergiella tayi	2	0.136
P1	WCA	24	B8	without_mucin	DSM13479	Hungatella hathewayi	2	0.214
P1	WCA	24	C3	without_mucin	DSM26961	Eisenbergiella tayi	3	0.199
P1	WCA	24	C8	without_mucin	DSM13479	Hungatella hathewayi	3	0.302
P1	WCA	24	E3	with_mucin_III_0.5%	DSM26961	Eisenbergiella tayi	1	0.583
P1	WCA	24	E6	with_mucin_III_0.5%	DSM13479	Hungatella hathewayi	1	0.363
P1	WCA	24	F3	with_mucin_III_0.5%	DSM26961	Eisenbergiella tayi	2	0.308
P1	WCA	24	F6	with_mucin_III_0.5%	DSM13479	Hungatella hathewayi	2	0.275
P1	WCA	24	G3	with_mucin_III_0.5%	DSM26961	Eisenbergiella tayi	3	0.453
P1	WCA	24	G6	with_mucin_III_0.5%	DSM13479	Hungatella hathewayi	3	0.344
P1	WCA	25	A3	without_mucin	DSM26961	Eisenbergiella tayi	1	0.073
P1	WCA	25	A8	without_mucin	DSM13479	Hungatella hathewayi	1	0.45
P1	WCA	25	B3	without_mucin	DSM26961	Eisenbergiella tayi	2	0.182
P1	WCA	25	B8	without_mucin	DSM13479	Hungatella hathewayi	2	0.306
P1	WCA	25	C3	without_mucin	DSM26961	Eisenbergiella tayi	3	0.131
P1	WCA	25	C8	without_mucin	DSM13479	Hungatella hathewayi	3	0.415
P1	WCA	25	E3	with_mucin_III_0.5%	DSM26961	Eisenbergiella tayi	1	0.15
P1	WCA	25	E6	with_mucin_III_0.5%	DSM13479	Hungatella hathewayi	1	0.437
P1	WCA	25	F3	with_mucin_III_0.5%	DSM26961	Eisenbergiella tayi	2	0.589
P1	WCA	25	F6	with_mucin_III_0.5%	DSM13479	Hungatella hathewayi	2	0.326
P1	WCA	25	G3	with_mucin_III_0.5%	DSM26961	Eisenbergiella tayi	3	0.506
P1	WCA	25	G6	with_mucin_III_0.5%	DSM13479	Hungatella hathewayi	3	0.563
P1	WCA	26	A3	without_mucin	DSM26961	Eisenbergiella tayi	1	0.107
P1	WCA	26	A8	without_mucin	DSM13479	Hungatella hathewayi	1	0.565
P1	WCA	26	B3	without_mucin	DSM26961	Eisenbergiella tayi	2	0.184
P1	WCA	26	B8	without_mucin	DSM13479	Hungatella hathewayi	2	0.401
P1	WCA	26	C3	without_mucin	DSM26961	Eisenbergiella tayi	3	0.181
P1	WCA	26	C8	without_mucin	DSM13479	Hungatella hathewayi	3	0.538
P1	WCA	26	E3	with_mucin_III_0.5%	DSM26961	Eisenbergiella tayi	1	0.338
P1	WCA	26	E6	with_mucin_III_0.5%	DSM13479	Hungatella hathewayi	1	0.486
P1	WCA	26	F3	with_mucin_III_0.5%	DSM26961	Eisenbergiella tayi	2	0.653
P1	WCA	26	F6	with_mucin_III_0.5%	DSM13479	Hungatella hathewayi	2	0.398
P1	WCA	26	G3	with_mucin_III_0.5%	DSM26961	Eisenbergiella tayi	3	0.56
P1	WCA	26	G6	with_mucin_III_0.5%	DSM13479	Hungatella hathewayi	3	0.66
P1	WCA	27	A3	without_mucin	DSM26961	Eisenbergiella tayi	1	0.141
P1	WCA	27	A8	without_mucin	DSM13479	Hungatella hathewayi	1	0.651
P1	WCA	27	B3	without_mucin	DSM26961	Eisenbergiella tayi	2	0.243
P1	WCA	27	B8	without_mucin	DSM13479	Hungatella hathewayi	2	0.49
P1	WCA	27	C3	without_mucin	DSM26961	Eisenbergiella tayi	3	0.17
P1	WCA	27	C8	without_mucin	DSM13479	Hungatella hathewayi	3	0.618
P1	WCA	27	E3	with_mucin_III_0.5%	DSM26961	Eisenbergiella tayi	1	0.648
P1	WCA	27	E6	with_mucin_III_0.5%	DSM13479	Hungatella hathewayi	1	0.767
P1	WCA	27	F3	with_mucin_III_0.5%	DSM26961	Eisenbergiella tayi	2	0.748
P1	WCA	27	F6	with_mucin_III_0.5%	DSM13479	Hungatella hathewayi	2	0.568
P1	WCA	27	G3	with_mucin_III_0.5%	DSM26961	Eisenbergiella tayi	3	0.662
P1	WCA	27	G6	with_mucin_III_0.5%	DSM13479	Hungatella hathewayi	3	0.845
P1	WCA	28	A3	without_mucin	DSM26961	Eisenbergiella tayi	1	0.191
P1	WCA	28	A8	without_mucin	DSM13479	Hungatella hathewayi	1	0.75
P1	WCA	28	B3	without_mucin	DSM26961	Eisenbergiella tayi	2	0.385
P1	WCA	28	B8	without_mucin	DSM13479	Hungatella hathewayi	2	0.626
P1	WCA	28	C3	without_mucin	DSM26961	Eisenbergiella tayi	3	0.211
P1	WCA	28	C8	without_mucin	DSM13479	Hungatella hathewayi	3	0.682
P1	WCA	28	E3	with_mucin_III_0.5%	DSM26961	Eisenbergiella tayi	1	0.736
P1	WCA	28	E6	with_mucin_III_0.5%	DSM13479	Hungatella hathewayi	1	0.894
P1	WCA	28	F3	with_mucin_III_0.5%	DSM26961	Eisenbergiella tayi	2	0.804
P1	WCA	28	F6	with_mucin_III_0.5%	DSM13479	Hungatella hathewayi	2	0.685
P1	WCA	28	G3	with_mucin_III_0.5%	DSM26961	Eisenbergiella tayi	3	0.739
P1	WCA	28	G6	with_mucin_III_0.5%	DSM13479	Hungatella hathewayi	3	0.938
P1	WCA	29	A3	without_mucin	DSM26961	Eisenbergiella tayi	1	0.199
P1	WCA	29	A8	without_mucin	DSM13479	Hungatella hathewayi	1	0.852
P1	WCA	29	B3	without_mucin	DSM26961	Eisenbergiella tayi	2	0.305
P1	WCA	29	B8	without_mucin	DSM13479	Hungatella hathewayi	2	0.735
P1	WCA	29	C3	without_mucin	DSM26961	Eisenbergiella tayi	3	0.265
P1	WCA	29	C8	without_mucin	DSM13479	Hungatella hathewayi	3	0.74
P1	WCA	29	E3	with_mucin_III_0.5%	DSM26961	Eisenbergiella tayi	1	0.845
P1	WCA	29	E6	with_mucin_III_0.5%	DSM13479	Hungatella hathewayi	1	0.92
P1	WCA	29	F3	with_mucin_III_0.5%	DSM26961	Eisenbergiella tayi	2	0.879
P1	WCA	29	F6	with_mucin_III_0.5%	DSM13479	Hungatella hathewayi	2	0.756
P1	WCA	29	G3	with_mucin_III_0.5%	DSM26961	Eisenbergiella tayi	3	0.822
P1	WCA	29	G6	with_mucin_III_0.5%	DSM13479	Hungatella hathewayi	3	0.983
P1	WCA	30	A3	without_mucin	DSM26961	Eisenbergiella tayi	1	0.279
P1	WCA	30	A8	without_mucin	DSM13479	Hungatella hathewayi	1	0.95
P1	WCA	30	B3	without_mucin	DSM26961	Eisenbergiella tayi	2	0.572
P1	WCA	30	B8	without_mucin	DSM13479	Hungatella hathewayi	2	0.83
P1	WCA	30	C3	without_mucin	DSM26961	Eisenbergiella tayi	3	0.316
P1	WCA	30	C8	without_mucin	DSM13479	Hungatella hathewayi	3	0.786
P1	WCA	30	E3	with_mucin_III_0.5%	DSM26961	Eisenbergiella tayi	1	0.769
P1	WCA	30	E6	with_mucin_III_0.5%	DSM13479	Hungatella hathewayi	1	0.856
P1	WCA	30	F3	with_mucin_III_0.5%	DSM26961	Eisenbergiella tayi	2	0.952
P1	WCA	30	F6	with_mucin_III_0.5%	DSM13479	Hungatella hathewayi	2	0.815
P1	WCA	30	G3	with_mucin_III_0.5%	DSM26961	Eisenbergiella tayi	3	0.863
P1	WCA	30	G6	with_mucin_III_0.5%	DSM13479	Hungatella hathewayi	3	0.98
P1	WCA	31	A3	without_mucin	DSM26961	Eisenbergiella tayi	1	0.473
P1	WCA	31	A8	without_mucin	DSM13479	Hungatella hathewayi	1	1.013
P1	WCA	31	B3	without_mucin	DSM26961	Eisenbergiella tayi	2	0.889
P1	WCA	31	B8	without_mucin	DSM13479	Hungatella hathewayi	2	0.849
P1	WCA	31	C3	without_mucin	DSM26961	Eisenbergiella tayi	3	0.306
P1	WCA	31	C8	without_mucin	DSM13479	Hungatella hathewayi	3	0.827
P1	WCA	31	E3	with_mucin_III_0.5%	DSM26961	Eisenbergiella tayi	1	1.036
P1	WCA	31	E6	with_mucin_III_0.5%	DSM13479	Hungatella hathewayi	1	0.882
P1	WCA	31	F3	with_mucin_III_0.5%	DSM26961	Eisenbergiella tayi	2	0.821
P1	WCA	31	F6	with_mucin_III_0.5%	DSM13479	Hungatella hathewayi	2	0.785
P1	WCA	31	G3	with_mucin_III_0.5%	DSM26961	Eisenbergiella tayi	3	0.862
P1	WCA	31	G6	with_mucin_III_0.5%	DSM13479	Hungatella hathewayi	3	0.988
P1	WCA	32	A3	without_mucin	DSM26961	Eisenbergiella tayi	1	0.262
P1	WCA	32	A8	without_mucin	DSM13479	Hungatella hathewayi	1	1.044
P1	WCA	32	B3	without_mucin	DSM26961	Eisenbergiella tayi	2	0.925
P1	WCA	32	B8	without_mucin	DSM13479	Hungatella hathewayi	2	0.855
P1	WCA	32	C3	without_mucin	DSM26961	Eisenbergiella tayi	3	0.678
P1	WCA	32	C8	without_mucin	DSM13479	Hungatella hathewayi	3	0.858
P1	WCA	32	E3	with_mucin_III_0.5%	DSM26961	Eisenbergiella tayi	1	0.781
P1	WCA	32	E6	with_mucin_III_0.5%	DSM13479	Hungatella hathewayi	1	0.828
P1	WCA	32	F3	with_mucin_III_0.5%	DSM26961	Eisenbergiella tayi	2	0.992
P1	WCA	32	F6	with_mucin_III_0.5%	DSM13479	Hungatella hathewayi	2	0.829
P1	WCA	32	G3	with_mucin_III_0.5%	DSM26961	Eisenbergiella tayi	3	1.015
P1	WCA	32	G6	with_mucin_III_0.5%	DSM13479	Hungatella hathewayi	3	0.914
P1	WCA	33	A3	without_mucin	DSM26961	Eisenbergiella tayi	1	0.734
P1	WCA	33	A8	without_mucin	DSM13479	Hungatella hathewayi	1	1.048
P1	WCA	33	B3	without_mucin	DSM26961	Eisenbergiella tayi	2	0.88
P1	WCA	33	B8	without_mucin	DSM13479	Hungatella hathewayi	2	0.877
P1	WCA	33	C3	without_mucin	DSM26961	Eisenbergiella tayi	3	0.836
P1	WCA	33	C8	without_mucin	DSM13479	Hungatella hathewayi	3	0.886
P1	WCA	33	E3	with_mucin_III_0.5%	DSM26961	Eisenbergiella tayi	1	0.999
P1	WCA	33	E6	with_mucin_III_0.5%	DSM13479	Hungatella hathewayi	1	0.854
P1	WCA	33	F3	with_mucin_III_0.5%	DSM26961	Eisenbergiella tayi	2	1.031
P1	WCA	33	F6	with_mucin_III_0.5%	DSM13479	Hungatella hathewayi	2	0.851
P1	WCA	33	G3	with_mucin_III_0.5%	DSM26961	Eisenbergiella tayi	3	1.089
P1	WCA	33	G6	with_mucin_III_0.5%	DSM13479	Hungatella hathewayi	3	0.881
P1	WCA	34	A3	without_mucin	DSM26961	Eisenbergiella tayi	1	0.777
P1	WCA	34	A8	without_mucin	DSM13479	Hungatella hathewayi	1	1.056
P1	WCA	34	B3	without_mucin	DSM26961	Eisenbergiella tayi	2	0.808
P1	WCA	34	B8	without_mucin	DSM13479	Hungatella hathewayi	2	0.885
P1	WCA	34	C3	without_mucin	DSM26961	Eisenbergiella tayi	3	0.853
P1	WCA	34	C8	without_mucin	DSM13479	Hungatella hathewayi	3	0.908
P1	WCA	34	E3	with_mucin_III_0.5%	DSM26961	Eisenbergiella tayi	1	0.971
P1	WCA	34	E6	with_mucin_III_0.5%	DSM13479	Hungatella hathewayi	1	0.867
P1	WCA	34	F3	with_mucin_III_0.5%	DSM26961	Eisenbergiella tayi	2	1.072
P1	WCA	34	F6	with_mucin_III_0.5%	DSM13479	Hungatella hathewayi	2	0.679
P1	WCA	34	G3	with_mucin_III_0.5%	DSM26961	Eisenbergiella tayi	3	1.111
P1	WCA	34	G6	with_mucin_III_0.5%	DSM13479	Hungatella hathewayi	3	0.907
P1	WCA	35	A3	without_mucin	DSM26961	Eisenbergiella tayi	1	0.786
P1	WCA	35	A8	without_mucin	DSM13479	Hungatella hathewayi	1	1.061
P1	WCA	35	B3	without_mucin	DSM26961	Eisenbergiella tayi	2	0.949
P1	WCA	35	B8	without_mucin	DSM13479	Hungatella hathewayi	2	0.901
P1	WCA	35	C3	without_mucin	DSM26961	Eisenbergiella tayi	3	0.842
P1	WCA	35	C8	without_mucin	DSM13479	Hungatella hathewayi	3	0.918
P1	WCA	35	E3	with_mucin_III_0.5%	DSM26961	Eisenbergiella tayi	1	0.955
P1	WCA	35	E6	with_mucin_III_0.5%	DSM13479	Hungatella hathewayi	1	0.901
P1	WCA	35	F3	with_mucin_III_0.5%	DSM26961	Eisenbergiella tayi	2	1.095
P1	WCA	35	F6	with_mucin_III_0.5%	DSM13479	Hungatella hathewayi	2	0.691
P1	WCA	35	G3	with_mucin_III_0.5%	DSM26961	Eisenbergiella tayi	3	1.105
P1	WCA	35	G6	with_mucin_III_0.5%	DSM13479	Hungatella hathewayi	3	0.926
P1	WCA	36	A3	without_mucin	DSM26961	Eisenbergiella tayi	1	0.905
P1	WCA	36	A8	without_mucin	DSM13479	Hungatella hathewayi	1	1.065
P1	WCA	36	B3	without_mucin	DSM26961	Eisenbergiella tayi	2	1.029
P1	WCA	36	B8	without_mucin	DSM13479	Hungatella hathewayi	2	0.928
P1	WCA	36	C3	without_mucin	DSM26961	Eisenbergiella tayi	3	0.954
P1	WCA	36	C8	without_mucin	DSM13479	Hungatella hathewayi	3	0.928
P1	WCA	36	E3	with_mucin_III_0.5%	DSM26961	Eisenbergiella tayi	1	0.968
P1	WCA	36	E6	with_mucin_III_0.5%	DSM13479	Hungatella hathewayi	1	0.966
P1	WCA	36	F3	with_mucin_III_0.5%	DSM26961	Eisenbergiella tayi	2	1.121
P1	WCA	36	F6	with_mucin_III_0.5%	DSM13479	Hungatella hathewayi	2	0.735
P1	WCA	36	G3	with_mucin_III_0.5%	DSM26961	Eisenbergiella tayi	3	1.109
P1	WCA	36	G6	with_mucin_III_0.5%	DSM13479	Hungatella hathewayi	3	0.96
P1	WCA	37	A3	without_mucin	DSM26961	Eisenbergiella tayi	1	1.025
P1	WCA	37	A8	without_mucin	DSM13479	Hungatella hathewayi	1	1.082
P1	WCA	37	B3	without_mucin	DSM26961	Eisenbergiella tayi	2	1.038
P1	WCA	37	B8	without_mucin	DSM13479	Hungatella hathewayi	2	0.952
P1	WCA	37	C3	without_mucin	DSM26961	Eisenbergiella tayi	3	0.976
P1	WCA	37	C8	without_mucin	DSM13479	Hungatella hathewayi	3	0.947
P1	WCA	37	E3	with_mucin_III_0.5%	DSM26961	Eisenbergiella tayi	1	1.088
P1	WCA	37	E6	with_mucin_III_0.5%	DSM13479	Hungatella hathewayi	1	0.986
P1	WCA	37	F3	with_mucin_III_0.5%	DSM26961	Eisenbergiella tayi	2	1.114
P1	WCA	37	F6	with_mucin_III_0.5%	DSM13479	Hungatella hathewayi	2	0.783
P1	WCA	37	G3	with_mucin_III_0.5%	DSM26961	Eisenbergiella tayi	3	1.056
P1	WCA	37	G6	with_mucin_III_0.5%	DSM13479	Hungatella hathewayi	3	1.007
P1	WCA	38	A3	without_mucin	DSM26961	Eisenbergiella tayi	1	1.074
P1	WCA	38	A8	without_mucin	DSM13479	Hungatella hathewayi	1	1.102
P1	WCA	38	B3	without_mucin	DSM26961	Eisenbergiella tayi	2	1.019
P1	WCA	38	B8	without_mucin	DSM13479	Hungatella hathewayi	2	0.986
P1	WCA	38	C3	without_mucin	DSM26961	Eisenbergiella tayi	3	0.998
P1	WCA	38	C8	without_mucin	DSM13479	Hungatella hathewayi	3	0.951
P1	WCA	38	E3	with_mucin_III_0.5%	DSM26961	Eisenbergiella tayi	1	1.112
P1	WCA	38	E6	with_mucin_III_0.5%	DSM13479	Hungatella hathewayi	1	1.004
P1	WCA	38	F3	with_mucin_III_0.5%	DSM26961	Eisenbergiella tayi	2	1.116
P1	WCA	38	F6	with_mucin_III_0.5%	DSM13479	Hungatella hathewayi	2	0.839
P1	WCA	38	G3	with_mucin_III_0.5%	DSM26961	Eisenbergiella tayi	3	1.059
P1	WCA	38	G6	with_mucin_III_0.5%	DSM13479	Hungatella hathewayi	3	1.042
P1	WCA	39	A3	without_mucin	DSM26961	Eisenbergiella tayi	1	1.128
P1	WCA	39	A8	without_mucin	DSM13479	Hungatella hathewayi	1	1.134
P1	WCA	39	B3	without_mucin	DSM26961	Eisenbergiella tayi	2	0.999
P1	WCA	39	B8	without_mucin	DSM13479	Hungatella hathewayi	2	1.028
P1	WCA	39	C3	without_mucin	DSM26961	Eisenbergiella tayi	3	0.886
P1	WCA	39	C8	without_mucin	DSM13479	Hungatella hathewayi	3	0.967
P1	WCA	39	E3	with_mucin_III_0.5%	DSM26961	Eisenbergiella tayi	1	1.088
P1	WCA	39	E6	with_mucin_III_0.5%	DSM13479	Hungatella hathewayi	1	1.05
P1	WCA	39	F3	with_mucin_III_0.5%	DSM26961	Eisenbergiella tayi	2	1.108
P1	WCA	39	F6	with_mucin_III_0.5%	DSM13479	Hungatella hathewayi	2	0.898
P1	WCA	39	G3	with_mucin_III_0.5%	DSM26961	Eisenbergiella tayi	3	1.07
P1	WCA	39	G6	with_mucin_III_0.5%	DSM13479	Hungatella hathewayi	3	1.083
P1	WCA	40	A3	without_mucin	DSM26961	Eisenbergiella tayi	1	0.699
P1	WCA	40	A8	without_mucin	DSM13479	Hungatella hathewayi	1	1.159
P1	WCA	40	B3	without_mucin	DSM26961	Eisenbergiella tayi	2	0.973
P1	WCA	40	B8	without_mucin	DSM13479	Hungatella hathewayi	2	1.048
P1	WCA	40	C3	without_mucin	DSM26961	Eisenbergiella tayi	3	0.906
P1	WCA	40	C8	without_mucin	DSM13479	Hungatella hathewayi	3	0.969
P1	WCA	40	E3	with_mucin_III_0.5%	DSM26961	Eisenbergiella tayi	1	1.159
P1	WCA	40	E6	with_mucin_III_0.5%	DSM13479	Hungatella hathewayi	1	1.093
P1	WCA	40	F3	with_mucin_III_0.5%	DSM26961	Eisenbergiella tayi	2	1.074
P1	WCA	40	F6	with_mucin_III_0.5%	DSM13479	Hungatella hathewayi	2	0.947
P1	WCA	40	G3	with_mucin_III_0.5%	DSM26961	Eisenbergiella tayi	3	1.042
P1	WCA	40	G6	with_mucin_III_0.5%	DSM13479	Hungatella hathewayi	3	1.142
P1	WCA	41	A3	without_mucin	DSM26961	Eisenbergiella tayi	1	0.715
P1	WCA	41	A8	without_mucin	DSM13479	Hungatella hathewayi	1	1.195
P1	WCA	41	B3	without_mucin	DSM26961	Eisenbergiella tayi	2	1.045
P1	WCA	41	B8	without_mucin	DSM13479	Hungatella hathewayi	2	1.087
P1	WCA	41	C3	without_mucin	DSM26961	Eisenbergiella tayi	3	1.026
P1	WCA	41	C8	without_mucin	DSM13479	Hungatella hathewayi	3	0.981
P1	WCA	41	E3	with_mucin_III_0.5%	DSM26961	Eisenbergiella tayi	1	1.156
P1	WCA	41	E6	with_mucin_III_0.5%	DSM13479	Hungatella hathewayi	1	1.161
P1	WCA	41	F3	with_mucin_III_0.5%	DSM26961	Eisenbergiella tayi	2	1.042
P1	WCA	41	F6	with_mucin_III_0.5%	DSM13479	Hungatella hathewayi	2	0.97
P1	WCA	41	G3	with_mucin_III_0.5%	DSM26961	Eisenbergiella tayi	3	1.001
P1	WCA	41	G6	with_mucin_III_0.5%	DSM13479	Hungatella hathewayi	3	1.157
P1	WCA	42	A3	without_mucin	DSM26961	Eisenbergiella tayi	1	0.738
P1	WCA	42	A8	without_mucin	DSM13479	Hungatella hathewayi	1	1.224
P1	WCA	42	B3	without_mucin	DSM26961	Eisenbergiella tayi	2	0.987
P1	WCA	42	B8	without_mucin	DSM13479	Hungatella hathewayi	2	1.12
P1	WCA	42	C3	without_mucin	DSM26961	Eisenbergiella tayi	3	0.759
P1	WCA	42	C8	without_mucin	DSM13479	Hungatella hathewayi	3	0.986
P1	WCA	42	E3	with_mucin_III_0.5%	DSM26961	Eisenbergiella tayi	1	1.013
P1	WCA	42	E6	with_mucin_III_0.5%	DSM13479	Hungatella hathewayi	1	1.174
P1	WCA	42	F3	with_mucin_III_0.5%	DSM26961	Eisenbergiella tayi	2	0.968
P1	WCA	42	F6	with_mucin_III_0.5%	DSM13479	Hungatella hathewayi	2	0.996
P1	WCA	42	G3	with_mucin_III_0.5%	DSM26961	Eisenbergiella tayi	3	1.035
P1	WCA	42	G6	with_mucin_III_0.5%	DSM13479	Hungatella hathewayi	3	1.191