Genus	cazy_family	mean	sd	numberGenomes	Phylum
Akkermansia (1313)	CBM32	5.593297791317593	0.6396580049014061	1313	Verrucomicrobia
Akkermansia (1313)	CBM51	2.59025133282559	0.5559786040173917	1313	Verrucomicrobia
Akkermansia (1313)	GH109	1.9459253617669459	0.2393472778723169	1313	Verrucomicrobia
Akkermansia (1313)	GH110	1.9672505712109674	0.3821391317009928	1313	Verrucomicrobia
Akkermansia (1313)	GH112	0	0	1313	Verrucomicrobia
Akkermansia (1313)	GH123	0.9885757806549885	0.10631234436985794	1313	Verrucomicrobia
Akkermansia (1313)	GH130	0	0	1313	Verrucomicrobia
Akkermansia (1313)	GH136	0	0	1313	Verrucomicrobia
Akkermansia (1313)	GH16	2.9261233815689263	0.27859891182096275	1313	Verrucomicrobia
Akkermansia (1313)	GH18	0.8910891089108911	0.7057180127695851	1313	Verrucomicrobia
Akkermansia (1313)	GH2	6.127951256664128	1.1398090972220223	1313	Verrucomicrobia
Akkermansia (1313)	GH20	10.73038842345773	1.2592818504569467	1313	Verrucomicrobia
Akkermansia (1313)	GH27	1.204112718964204	0.4376504892027257	1313	Verrucomicrobia
Akkermansia (1313)	GH29	3.776085300837776	0.9248306859075719	1313	Verrucomicrobia
Akkermansia (1313)	GH31	1.9337395277989338	0.36337188976756646	1313	Verrucomicrobia
Akkermansia (1313)	GH33	3.4904798172124907	0.6332570409919026	1313	Verrucomicrobia
Akkermansia (1313)	GH35	1.9352627570449352	0.3043101634364955	1313	Verrucomicrobia
Akkermansia (1313)	GH36	0.9878141660319878	0.17850374615294212	1313	Verrucomicrobia
Akkermansia (1313)	GH42	7.616146230007616e-4	0.027597366233044082	1313	Verrucomicrobia
Akkermansia (1313)	GH84	1.8621477532368622	0.38259458353126674	1313	Verrucomicrobia
Akkermansia (1313)	GH85	0	0	1313	Verrucomicrobia
Akkermansia (1313)	GH89	1.7760853008377762	0.5659070789330293	1313	Verrucomicrobia
Akkermansia (1313)	GH92	0.010662604722010662	0.16062644972747084	1313	Verrucomicrobia
Akkermansia (1313)	GH95	2.198781416603199	0.5069020945260356	1313	Verrucomicrobia
Akkermansia (1313)	GH97	0.9436405178979437	0.3072168018794686	1313	Verrucomicrobia
Bacteroides (7293)	CBM32	3.010420951597422	1.9879370168747037	7293	Bacteroidetes
Bacteroides (7293)	CBM51	0.32085561497326204	0.6491901639962092	7293	Bacteroidetes
Bacteroides (7293)	GH109	2.2815028109145756	1.2905557368330858	7293	Bacteroidetes
Bacteroides (7293)	GH110	0.8303853009735362	0.9205392819266193	7293	Bacteroidetes
Bacteroides (7293)	GH112	0.004524886877828055	0.06711952023295202	7293	Bacteroidetes
Bacteroides (7293)	GH123	0.6765391471273824	0.5980352554558719	7293	Bacteroidetes
Bacteroides (7293)	GH130	2.2979569450157684	1.5272950661906146	7293	Bacteroidetes
Bacteroides (7293)	GH136	0.3511586452762923	0.5497322329098816	7293	Bacteroidetes
Bacteroides (7293)	GH16	2.0581379404908815	1.6986066663183679	7293	Bacteroidetes
Bacteroides (7293)	GH18	2.7514054572878104	2.760913071668856	7293	Bacteroidetes
Bacteroides (7293)	GH2	19.237488002193885	7.641934274757229	7293	Bacteroidetes
Bacteroides (7293)	GH20	7.763883175647882	3.3407137654232564	7293	Bacteroidetes
Bacteroides (7293)	GH27	1.2359797065679419	1.115078849212526	7293	Bacteroidetes
Bacteroides (7293)	GH29	5.575071986836693	3.336457058898015	7293	Bacteroidetes
Bacteroides (7293)	GH31	4.393528040586864	2.2286524479803047	7293	Bacteroidetes
Bacteroides (7293)	GH33	2.2934320581379404	1.5534919610732285	7293	Bacteroidetes
Bacteroides (7293)	GH35	1.741670094611271	1.3391703358645723	7293	Bacteroidetes
Bacteroides (7293)	GH36	1.7802001919648978	1.2279129788222083	7293	Bacteroidetes
Bacteroides (7293)	GH42	0.8349101878513643	0.6831600152539102	7293	Bacteroidetes
Bacteroides (7293)	GH84	0.8140682846565199	0.5117753019451539	7293	Bacteroidetes
Bacteroides (7293)	GH85	0.022350198820787055	0.32942979161239255	7293	Bacteroidetes
Bacteroides (7293)	GH89	1.3931166872343343	1.3482854381892313	7293	Bacteroidetes
Bacteroides (7293)	GH92	8.926367749897162	4.521592304351542	7293	Bacteroidetes
Bacteroides (7293)	GH95	3.4919786096256686	2.1668214733574747	7293	Bacteroidetes
Bacteroides (7293)	GH97	7.653503359385712	3.5841005291443175	7293	Bacteroidetes
Barnesiella (1236)	CBM32	1.808252427184466	0.41583614147018105	1236	Bacteroidetes
Barnesiella (1236)	CBM51	8.090614886731392e-4	0.028444006199428714	1236	Bacteroidetes
Barnesiella (1236)	GH109	2.792880258899676	0.4507998705659543	1236	Bacteroidetes
Barnesiella (1236)	GH110	0.9975728155339806	0.1865795213053348	1236	Bacteroidetes
Barnesiella (1236)	GH112	0	0	1236	Bacteroidetes
Barnesiella (1236)	GH123	0.9352750809061489	0.24940740531082892	1236	Bacteroidetes
Barnesiella (1236)	GH130	2.809870550161812	0.452003707562475	1236	Bacteroidetes
Barnesiella (1236)	GH136	8.090614886731392e-4	0.028444006199428714	1236	Bacteroidetes
Barnesiella (1236)	GH16	2.9967637540453076	1.0196399519399235	1236	Bacteroidetes
Barnesiella (1236)	GH18	1.2079288025889967	0.54554678416452	1236	Bacteroidetes
Barnesiella (1236)	GH2	5.267799352750809	1.24502521452752	1236	Bacteroidetes
Barnesiella (1236)	GH20	8.864886731391586	1.0402569303239269	1236	Bacteroidetes
Barnesiella (1236)	GH27	0.9587378640776699	0.24295020577101614	1236	Bacteroidetes
Barnesiella (1236)	GH29	1.9215210355987056	0.29211990834705504	1236	Bacteroidetes
Barnesiella (1236)	GH31	3.6076051779935274	0.6173526550275158	1236	Bacteroidetes
Barnesiella (1236)	GH33	1.9401294498381878	0.39589961031528464	1236	Bacteroidetes
Barnesiella (1236)	GH35	0	0	1236	Bacteroidetes
Barnesiella (1236)	GH36	1.6432038834951457	0.5259677124227513	1236	Bacteroidetes
Barnesiella (1236)	GH42	8.090614886731392e-4	0.028444006199428714	1236	Bacteroidetes
Barnesiella (1236)	GH84	1.9134304207119741	0.3139625999751287	1236	Bacteroidetes
Barnesiella (1236)	GH85	2.4797734627831716	0.6938097235157514	1236	Bacteroidetes
Barnesiella (1236)	GH89	2.957119741100324	0.33273172653774874	1236	Bacteroidetes
Barnesiella (1236)	GH92	6.934466019417476	1.1710722957705506	1236	Bacteroidetes
Barnesiella (1236)	GH95	1.192556634304207	0.5279028258601123	1236	Bacteroidetes
Barnesiella (1236)	GH97	3.487864077669903	0.6200548239865787	1236	Bacteroidetes
Coprobacter (119)	CBM32	6.873949579831932	1.2592345122169646	119	Bacteroidetes
Coprobacter (119)	CBM51	0.01680672268907563	0.18333969940564226	119	Bacteroidetes
Coprobacter (119)	GH109	0.6302521008403361	0.5654688502935672	119	Bacteroidetes
Coprobacter (119)	GH110	0.6302521008403361	0.5502779916641732	119	Bacteroidetes
Coprobacter (119)	GH112	0	0	119	Bacteroidetes
Coprobacter (119)	GH123	0.025210084033613446	0.20428398619591936	119	Bacteroidetes
Coprobacter (119)	GH130	2.0756302521008405	0.4349101575943582	119	Bacteroidetes
Coprobacter (119)	GH136	0.01680672268907563	0.12909025073869204	119	Bacteroidetes
Coprobacter (119)	GH16	0.04201680672268908	0.37721005215125675	119	Bacteroidetes
Coprobacter (119)	GH18	0.058823529411764705	0.26978075364060966	119	Bacteroidetes
Coprobacter (119)	GH2	18.26890756302521	2.5864624063609716	119	Bacteroidetes
Coprobacter (119)	GH20	2.26890756302521	1.0142834073206781	119	Bacteroidetes
Coprobacter (119)	GH27	0.9663865546218487	0.43046630430235033	119	Bacteroidetes
Coprobacter (119)	GH29	1.5798319327731092	1.6646667011000482	119	Bacteroidetes
Coprobacter (119)	GH31	2.8487394957983194	1.139719378650258	119	Bacteroidetes
Coprobacter (119)	GH33	1.0168067226890756	0.31844945524783486	119	Bacteroidetes
Coprobacter (119)	GH35	1.084033613445378	0.3813408976447365	119	Bacteroidetes
Coprobacter (119)	GH36	1.1092436974789917	0.3392393277085941	119	Bacteroidetes
Coprobacter (119)	GH42	0.008403361344537815	0.09166984970282113	119	Bacteroidetes
Coprobacter (119)	GH84	1.773109243697479	0.4205922940273465	119	Bacteroidetes
Coprobacter (119)	GH85	3.8907563025210083	1.1333908623629836	119	Bacteroidetes
Coprobacter (119)	GH89	0.37815126050420167	1.0414429090730644	119	Bacteroidetes
Coprobacter (119)	GH92	11.806722689075631	1.0598793577362564	119	Bacteroidetes
Coprobacter (119)	GH95	5.168067226890757	1.083929822381977	119	Bacteroidetes
Coprobacter (119)	GH97	3.2521008403361344	0.9497411547003168	119	Bacteroidetes
Eisenbergiella (53)	CBM32	1	0.2773500981126146	53	Firmicutes
Eisenbergiella (53)	CBM51	1.3584905660377358	0.5579612484008016	53	Firmicutes
Eisenbergiella (53)	GH109	1	0.3396831102433787	53	Firmicutes
Eisenbergiella (53)	GH110	0.24528301886792453	0.47659289099246677	53	Firmicutes
Eisenbergiella (53)	GH112	1.8679245283018868	0.4818927365909349	53	Firmicutes
Eisenbergiella (53)	GH123	0.8867924528301887	0.31987842392976584	53	Firmicutes
Eisenbergiella (53)	GH130	0.018867924528301886	0.13736056394868904	53	Firmicutes
Eisenbergiella (53)	GH136	0.9056603773584906	0.2950978288503027	53	Firmicutes
Eisenbergiella (53)	GH16	0.05660377358490566	0.30477572710378376	53	Firmicutes
Eisenbergiella (53)	GH18	3.207547169811321	0.8170888890077461	53	Firmicutes
Eisenbergiella (53)	GH2	29.943396226415093	5.3075240292206605	53	Firmicutes
Eisenbergiella (53)	GH20	4.245283018867925	1.299491918129166	53	Firmicutes
Eisenbergiella (53)	GH27	1.9245283018867925	0.33102734047981275	53	Firmicutes
Eisenbergiella (53)	GH29	13.60377358490566	2.7619643416730493	53	Firmicutes
Eisenbergiella (53)	GH31	12.716981132075471	2.898125113364514	53	Firmicutes
Eisenbergiella (53)	GH33	2.3207547169811322	0.8032047565763898	53	Firmicutes
Eisenbergiella (53)	GH35	6.150943396226415	1.4464309711931316	53	Firmicutes
Eisenbergiella (53)	GH36	6.018867924528302	1.4476847037429728	53	Firmicutes
Eisenbergiella (53)	GH42	7.962264150943396	1.8497636455144895	53	Firmicutes
Eisenbergiella (53)	GH84	0.018867924528301886	0.13736056394868904	53	Firmicutes
Eisenbergiella (53)	GH85	0	0	53	Firmicutes
Eisenbergiella (53)	GH89	0.03773584905660377	0.27472112789737807	53	Firmicutes
Eisenbergiella (53)	GH92	0.18867924528301888	1.2412246398925306	53	Firmicutes
Eisenbergiella (53)	GH95	7.377358490566038	1.4036547774996806	53	Firmicutes
Eisenbergiella (53)	GH97	1.1320754716981132	1.1100543273097494	53	Firmicutes
Hungatella (66)	CBM32	0.015151515151515152	0.12309149097933274	66	Firmicutes
Hungatella (66)	CBM51	0.18181818181818182	0.38865016537877745	66	Firmicutes
Hungatella (66)	GH109	0	0	66	Firmicutes
Hungatella (66)	GH110	0.8181818181818182	0.46107202537934633	66	Firmicutes
Hungatella (66)	GH112	2.378787878787879	0.6267167564170378	66	Firmicutes
Hungatella (66)	GH123	1.7727272727272727	0.5489978154770758	66	Firmicutes
Hungatella (66)	GH130	0.8939393939393939	0.39725163034134653	66	Firmicutes
Hungatella (66)	GH136	3.4393939393939394	1.216916505305841	66	Firmicutes
Hungatella (66)	GH16	0.6212121212121212	0.5193235693640043	66	Firmicutes
Hungatella (66)	GH18	2.0303030303030303	0.428582528438787	66	Firmicutes
Hungatella (66)	GH2	16.96969696969697	3.35109487031281	66	Firmicutes
Hungatella (66)	GH20	3.196969696969697	0.9481917522672294	66	Firmicutes
Hungatella (66)	GH27	0.015151515151515152	0.12309149097933274	66	Firmicutes
Hungatella (66)	GH29	2.757575757575758	1.0962959462958906	66	Firmicutes
Hungatella (66)	GH31	6.2272727272727275	1.4966162299868793	66	Firmicutes
Hungatella (66)	GH33	1.0454545454545454	0.408818868366991	66	Firmicutes
Hungatella (66)	GH35	1.3181818181818181	1.2172995448196726	66	Firmicutes
Hungatella (66)	GH36	4.712121212121212	0.9886300002474522	66	Firmicutes
Hungatella (66)	GH42	2.712121212121212	0.779845182173044	66	Firmicutes
Hungatella (66)	GH84	0	0	66	Firmicutes
Hungatella (66)	GH85	0	0	66	Firmicutes
Hungatella (66)	GH89	0	0	66	Firmicutes
Hungatella (66)	GH92	0	0	66	Firmicutes
Hungatella (66)	GH95	0.2727272727272727	0.44877455520405946	66	Firmicutes
Hungatella (66)	GH97	0.10606060606060606	0.3102747109746398	66	Firmicutes
Parabacteroides (2953)	CBM32	1.5015238740264139	0.9439299627526805	2953	Bacteroidetes
Parabacteroides (2953)	CBM51	1.7653233999322722	0.5088542300336364	2953	Bacteroidetes
Parabacteroides (2953)	GH109	1.3054520826278362	0.6398261062955474	2953	Bacteroidetes
Parabacteroides (2953)	GH110	1.0247206230951575	0.38571871575140404	2953	Bacteroidetes
Parabacteroides (2953)	GH112	0.001015916017609211	0.031862638428485184	2953	Bacteroidetes
Parabacteroides (2953)	GH123	1.634270233660684	0.514364083785861	2953	Bacteroidetes
Parabacteroides (2953)	GH130	2.22316288520149	0.9290435057556748	2953	Bacteroidetes
Parabacteroides (2953)	GH136	0.16559431087030138	0.38695898590133665	2953	Bacteroidetes
Parabacteroides (2953)	GH16	1.25330172705723	0.591416215216492	2953	Bacteroidetes
Parabacteroides (2953)	GH18	0.028445648493057907	0.22512460079473515	2953	Bacteroidetes
Parabacteroides (2953)	GH2	13.150355570606163	5.220712674416326	2953	Bacteroidetes
Parabacteroides (2953)	GH20	6.940399593633593	2.1484151788353762	2953	Bacteroidetes
Parabacteroides (2953)	GH27	0.4524212665086353	0.5099169614449618	2953	Bacteroidetes
Parabacteroides (2953)	GH29	1.6600067727734507	1.6134435643850296	2953	Bacteroidetes
Parabacteroides (2953)	GH31	2.5103284795123604	0.7903412056402928	2953	Bacteroidetes
Parabacteroides (2953)	GH33	1.3528614967829327	0.860594409258319	2953	Bacteroidetes
Parabacteroides (2953)	GH35	0.9502201151371487	0.43151681366547356	2953	Bacteroidetes
Parabacteroides (2953)	GH36	1.7229935658652218	0.613590640860895	2953	Bacteroidetes
Parabacteroides (2953)	GH42	0.007111412123264477	0.08404303554921354	2953	Bacteroidetes
Parabacteroides (2953)	GH84	0.959701997968168	0.2718777783138183	2953	Bacteroidetes
Parabacteroides (2953)	GH85	0.0013545546901456147	0.04506312112186311	2953	Bacteroidetes
Parabacteroides (2953)	GH89	0.5834744327802235	0.9441865974115483	2953	Bacteroidetes
Parabacteroides (2953)	GH92	13.147307822553335	1.795330541652543	2953	Bacteroidetes
Parabacteroides (2953)	GH95	1.6346088723332204	1.1994159279304606	2953	Bacteroidetes
Parabacteroides (2953)	GH97	2.7406027768371146	0.8813987342162022	2953	Bacteroidetes
Paraprevotella (515)	CBM32	4.213592233009709	1.119776984439844	515	Bacteroidetes
Paraprevotella (515)	CBM51	1.4194174757281552	0.6197241529616574	515	Bacteroidetes
Paraprevotella (515)	GH109	0.02330097087378641	0.223695476149249	515	Bacteroidetes
Paraprevotella (515)	GH110	0.9786407766990292	0.3203993390541273	515	Bacteroidetes
Paraprevotella (515)	GH112	0.001941747572815534	0.044065264923923174	515	Bacteroidetes
Paraprevotella (515)	GH123	0.007766990291262136	0.08787296320884495	515	Bacteroidetes
Paraprevotella (515)	GH130	0.04660194174757282	0.3713513900068714	515	Bacteroidetes
Paraprevotella (515)	GH136	0.9669902912621359	0.17883559255991915	515	Bacteroidetes
Paraprevotella (515)	GH16	0.04271844660194175	0.3089463522830816	515	Bacteroidetes
Paraprevotella (515)	GH18	0.05242718446601942	0.5059653215908806	515	Bacteroidetes
Paraprevotella (515)	GH2	15.636893203883496	1.4808104765839303	515	Bacteroidetes
Paraprevotella (515)	GH20	0.36699029126213595	0.8525982661297773	515	Bacteroidetes
Paraprevotella (515)	GH27	0.46990291262135925	0.5721886017766985	515	Bacteroidetes
Paraprevotella (515)	GH29	4.238834951456311	0.8927107550384016	515	Bacteroidetes
Paraprevotella (515)	GH31	3.18252427184466	1.0352190302335016	515	Bacteroidetes
Paraprevotella (515)	GH33	0.019417475728155338	0.18612276419501272	515	Bacteroidetes
Paraprevotella (515)	GH35	1.4446601941747572	0.5904110807137127	515	Bacteroidetes
Paraprevotella (515)	GH36	2.087378640776699	0.40681921042511204	515	Bacteroidetes
Paraprevotella (515)	GH42	0.18640776699029127	0.394773378247596	515	Bacteroidetes
Paraprevotella (515)	GH84	0.007766990291262136	0.10776227654778181	515	Bacteroidetes
Paraprevotella (515)	GH85	0	0	515	Bacteroidetes
Paraprevotella (515)	GH89	0.013592233009708738	0.14565599877268015	515	Bacteroidetes
Paraprevotella (515)	GH92	4.135922330097087	0.8914699932243725	515	Bacteroidetes
Paraprevotella (515)	GH95	3.1611650485436895	0.5322723129361807	515	Bacteroidetes
Paraprevotella (515)	GH97	6.285436893203883	1.0354051225954717	515	Bacteroidetes
